LOCNAME,GRADE,ANNUAL1,HOURLY1,OVERTIME1,ANNUAL2,HOURLY2,OVERTIME2,ANNUAL3,HOURLY3,OVERTIME3,ANNUAL4,HOURLY4,OVERTIME4,ANNUAL5,HOURLY5,OVERTIME5,ANNUAL6,HOURLY6,OVERTIME6,ANNUAL7,HOURLY7,OVERTIME7,ANNUAL8,HOURLY8,OVERTIME8,ANNUAL9,HOURLY9,OVERTIME9,ANNUAL10,HOURLY10,OVERTIME10
AK,1,22199,10.64,15.96,22940,10.99,16.49,23679,11.35,17.03,24413,11.70,17.55,25151,12.05,18.08,25585,12.26,18.39,26315,12.61,18.92,27050,12.96,19.44,27079,12.98,19.47,27767,13.30,19.95
AK,2,24959,11.96,17.94,25553,12.24,18.36,26378,12.64,18.96,27079,12.98,19.47,27383,13.12,19.68,28189,13.51,20.27,28994,13.89,20.84,29800,14.28,21.42,30605,14.66,21.99,31411,15.05,22.58
AK,3,27232,13.05,19.58,28140,13.48,20.22,29048,13.92,20.88,29956,14.35,21.53,30863,14.79,22.19,31771,15.22,22.83,32679,15.66,23.49,33586,16.09,24.14,34494,16.53,24.80,35402,16.96,25.44
AK,4,30571,14.65,21.98,31590,15.14,22.71,32609,15.62,23.43,33628,16.11,24.17,34646,16.60,24.90,35665,17.09,25.64,36684,17.58,26.37,37703,18.07,27.11,38721,18.55,27.83,39740,19.04,28.56
AK,5,34204,16.39,24.59,35343,16.93,25.40,36483,17.48,26.22,37623,18.03,27.05,38762,18.57,27.86,39902,19.12,28.68,41042,19.67,29.51,42181,20.21,30.32,43321,20.76,31.14,44461,21.30,31.95
AK,6,38126,18.27,27.41,39397,18.88,28.32,40668,19.49,29.24,41938,20.09,30.14,43209,20.70,31.05,44479,21.31,31.97,45750,21.92,32.88,47021,22.53,33.80,48291,23.14,34.71,49562,23.75,35.63
AK,7,42368,20.30,30.45,43781,20.98,31.47,45194,21.66,32.49,46607,22.33,33.50,48019,23.01,34.52,49432,23.69,35.54,50845,24.36,36.54,52258,25.04,37.56,53670,25.72,38.58,55083,26.39,39.59
AK,8,46922,22.48,33.72,48486,23.23,34.85,50049,23.98,35.97,51613,24.73,37.10,53177,25.48,38.22,54740,26.23,39.35,56304,26.98,40.47,57867,27.73,41.03,59431,28.48,41.03,60995,29.23,41.03
AK,9,51825,24.83,37.25,53552,25.66,38.49,55279,26.49,39.74,57006,27.31,40.97,58733,28.14,41.03,60460,28.97,41.03,62187,29.80,41.03,63914,30.62,41.03,65641,31.45,41.03,67368,32.28,41.03
AK,10,57072,27.35,41.03,58975,28.26,41.03,60877,29.17,41.03,62780,30.08,41.03,64683,30.99,41.03,66586,31.91,41.03,68488,32.82,41.03,70391,33.73,41.03,72294,34.64,41.03,74197,35.55,41.03
AK,11,62703,30.04,41.03,64793,31.05,41.03,66882,32.05,41.03,68972,33.05,41.03,71062,34.05,41.03,73152,35.05,41.03,75242,36.05,41.03,77331,37.05,41.03,79421,38.06,41.03,81511,39.06,41.03
AK,12,75156,36.01,41.03,77661,37.21,41.03,80166,38.41,41.03,82671,39.61,41.03,85176,40.81,41.03,87681,42.01,42.01,90186,43.21,43.21,92691,44.41,44.41,95196,45.61,45.61,97701,46.81,46.81
AK,13,89370,42.82,42.82,92349,44.25,44.25,95328,45.68,45.68,98307,47.10,47.10,101286,48.53,48.53,104265,49.96,49.96,107243,51.39,51.39,110222,52.81,52.81,113201,54.24,54.24,116180,55.67,55.67
AK,14,105609,50.60,50.60,109129,52.29,52.29,112649,53.98,53.98,116169,55.66,55.66,119689,57.35,57.35,123209,59.04,59.04,126729,60.72,60.72,130249,62.41,62.41,133769,64.10,64.10,137289,65.78,65.78
AK,15,124226,59.52,59.52,128367,61.51,61.51,132508,63.49,63.49,136649,65.48,65.48,140790,67.46,67.46,144931,69.44,69.44,149072,71.43,71.43,153213,73.41,73.41,155500,74.51,74.51,155500,74.51,74.51
ATL,1,21237,10.18,15.27,21947,10.52,15.78,22653,10.85,16.28,23356,11.19,16.79,24062,11.53,17.30,24477,11.73,17.60,25175,12.06,18.09,25879,12.40,18.60,25906,12.41,18.62,26565,12.73,19.10
ATL,2,23878,11.44,17.16,24446,11.71,17.57,25236,12.09,18.14,25906,12.41,18.62,26197,12.55,18.83,26968,12.92,19.38,27739,13.29,19.94,28509,13.66,20.49,29280,14.03,21.05,30050,14.40,21.60
ATL,3,26053,12.48,18.72,26921,12.90,19.35,27790,13.32,19.98,28658,13.73,20.60,29527,14.15,21.23,30395,14.56,21.84,31264,14.98,22.47,32132,15.40,23.10,33000,15.81,23.72,33869,16.23,24.35
ATL,4,29248,14.01,21.02,30222,14.48,21.72,31197,14.95,22.43,32171,15.41,23.12,33146,15.88,23.82,34121,16.35,24.53,35095,16.82,25.23,36070,17.28,25.92,37044,17.75,26.63,38019,18.22,27.33
ATL,5,32722,15.68,23.52,33813,16.20,24.30,34903,16.72,25.08,35993,17.25,25.88,37084,17.77,26.66,38174,18.29,27.44,39264,18.81,28.22,40355,19.34,29.01,41445,19.86,29.79,42535,20.38,30.57
ATL,6,36475,17.48,26.22,37691,18.06,27.09,38906,18.64,27.96,40122,19.22,28.83,41338,19.81,29.72,42553,20.39,30.59,43769,20.97,31.46,44984,21.55,32.33,46200,22.14,33.21,47415,22.72,34.08
ATL,7,40534,19.42,29.13,41885,20.07,30.11,43237,20.72,31.08,44588,21.36,32.04,45940,22.01,33.02,47291,22.66,33.99,48643,23.31,34.97,49994,23.95,35.93,51346,24.60,36.90,52698,25.25,37.88
ATL,8,44890,21.51,32.27,46386,22.23,33.35,47882,22.94,34.41,49378,23.66,35.49,50874,24.38,36.57,52370,25.09,37.64,53865,25.81,38.72,55361,26.53,39.24,56857,27.24,39.24,58353,27.96,39.24
ATL,9,49581,23.76,35.64,51233,24.55,36.83,52885,25.34,38.01,54537,26.13,39.20,56189,26.92,39.24,57841,27.71,39.24,59494,28.51,39.24,61146,29.30,39.24,62798,30.09,39.24,64450,30.88,39.24
ATL,10,54600,26.16,39.24,56421,27.03,39.24,58241,27.91,39.24,60061,28.78,39.24,61882,29.65,39.24,63702,30.52,39.24,65522,31.40,39.24,67343,32.27,39.24,69163,33.14,39.24,70984,34.01,39.24
ATL,11,59987,28.74,39.24,61987,29.70,39.24,63986,30.66,39.24,65985,31.62,39.24,67985,32.58,39.24,69984,33.53,39.24,71983,34.49,39.24,73982,35.45,39.24,75982,36.41,39.24,77981,37.37,39.24
ATL,12,71901,34.45,39.24,74297,35.60,39.24,76694,36.75,39.24,79090,37.90,39.24,81487,39.05,39.24,83884,40.19,40.19,86280,41.34,41.34,88677,42.49,42.49,91073,43.64,43.64,93470,44.79,44.79
ATL,13,85500,40.97,40.97,88350,42.33,42.33,91200,43.70,43.70,94049,45.06,45.06,96899,46.43,46.43,99749,47.80,47.80,102599,49.16,49.16,105449,50.53,50.53,108299,51.89,51.89,111148,53.26,53.26
ATL,14,101035,48.41,48.41,104403,50.03,50.03,107770,51.64,51.64,111138,53.25,53.25,114505,54.87,54.87,117873,56.48,56.48,121240,58.09,58.09,124608,59.71,59.71,127976,61.32,61.32,131343,62.93,62.93
ATL,15,118846,56.95,56.95,122808,58.84,58.84,126769,60.74,60.74,130731,62.64,62.64,134693,64.54,64.54,138654,66.44,66.44,142616,68.34,68.34,146578,70.23,70.23,150539,72.13,72.13,154501,74.03,74.03
BOS,1,22218,10.65,15.98,22961,11.00,16.50,23700,11.36,17.04,24435,11.71,17.57,25173,12.06,18.09,25608,12.27,18.41,26338,12.62,18.93,27074,12.97,19.46,27103,12.99,19.49,27792,13.32,19.98
BOS,2,24981,11.97,17.96,25575,12.25,18.38,26401,12.65,18.98,27103,12.99,19.49,27407,13.13,19.70,28214,13.52,20.28,29020,13.91,20.87,29826,14.29,21.44,30632,14.68,22.02,31438,15.06,22.59
BOS,3,27256,13.06,19.59,28165,13.50,20.25,29073,13.93,20.90,29982,14.37,21.56,30890,14.80,22.20,31799,15.24,22.86,32708,15.67,23.51,33616,16.11,24.17,34525,16.54,24.81,35433,16.98,25.47
BOS,4,30598,14.66,21.99,31618,15.15,22.73,32638,15.64,23.46,33657,16.13,24.20,34677,16.62,24.93,35697,17.10,25.65,36716,17.59,26.39,37736,18.08,27.12,38755,18.57,27.86,39775,19.06,28.59
BOS,5,34234,16.40,24.60,35375,16.95,25.43,36515,17.50,26.25,37656,18.04,27.06,38797,18.59,27.89,39937,19.14,28.71,41078,19.68,29.52,42219,20.23,30.35,43359,20.78,31.17,44500,21.32,31.98
BOS,6,38160,18.28,27.42,39432,18.89,28.34,40704,19.50,29.25,41975,20.11,30.17,43247,20.72,31.08,44519,21.33,32.00,45790,21.94,32.91,47062,22.55,33.83,48334,23.16,34.74,49606,23.77,35.66
BOS,7,42406,20.32,30.48,43820,21.00,31.50,45234,21.67,32.51,46648,22.35,33.53,48062,23.03,34.55,49476,23.71,35.57,50890,24.38,36.57,52304,25.06,37.59,53718,25.74,38.61,55132,26.42,39.63
BOS,8,46963,22.50,33.75,48528,23.25,34.88,50093,24.00,36.00,51658,24.75,37.13,53223,25.50,38.25,54788,26.25,39.38,56353,27.00,40.50,57918,27.75,41.06,59483,28.50,41.06,61048,29.25,41.06
BOS,9,51871,24.85,37.28,53599,25.68,38.52,55328,26.51,39.77,57056,27.34,41.01,58785,28.17,41.06,60513,29.00,41.06,62242,29.82,41.06,63970,30.65,41.06,65698,31.48,41.06,67427,32.31,41.06
BOS,10,57122,27.37,41.06,59027,28.28,41.06,60931,29.20,41.06,62836,30.11,41.06,64740,31.02,41.06,66644,31.93,41.06,68549,32.85,41.06,70453,33.76,41.06,72358,34.67,41.06,74262,35.58,41.06
BOS,11,62758,30.07,41.06,64850,31.07,41.06,66941,32.08,41.06,69033,33.08,41.06,71125,34.08,41.06,73216,35.08,41.06,75308,36.08,41.06,77400,37.09,41.06,79491,38.09,41.06,81583,39.09,41.06
BOS,12,75222,36.04,41.06,77729,37.24,41.06,80236,38.45,41.06,82744,39.65,41.06,85251,40.85,41.06,87758,42.05,42.05,90265,43.25,43.25,92773,44.45,44.45,95280,45.65,45.65,97787,46.86,46.86
BOS,13,89449,42.86,42.86,92431,44.29,44.29,95412,45.72,45.72,98394,47.15,47.15,101375,48.57,48.57,104357,50.00,50.00,107338,51.43,51.43,110319,52.86,52.86,113301,54.29,54.29,116282,55.72,55.72
BOS,14,105702,50.65,50.65,109225,52.34,52.34,112748,54.02,54.02,116271,55.71,55.71,119794,57.40,57.40,123317,59.09,59.09,126840,60.78,60.78,130364,62.46,62.46,133887,64.15,64.15,137410,65.84,65.84
BOS,15,124336,59.58,59.58,128480,61.56,61.56,132625,63.55,63.55,136770,65.53,65.53,140914,67.52,67.52,145059,69.51,69.51,149203,71.49,71.49,153348,73.48,73.48,155500,74.51,74.51,155500,74.51,74.51
BU,1,20826,9.98,14.97,21522,10.31,15.47,22215,10.64,15.96,22904,10.97,16.46,23596,11.31,16.97,24003,11.50,17.25,24687,11.83,17.75,25378,12.16,18.24,25405,12.17,18.26,26050,12.48,18.72
BU,2,23416,11.22,16.83,23973,11.49,17.24,24747,11.86,17.79,25405,12.17,18.26,25690,12.31,18.47,26446,12.67,19.01,27201,13.03,19.55,27957,13.40,20.10,28713,13.76,20.64,29468,14.12,21.18
BU,3,25548,12.24,18.36,26400,12.65,18.98,27252,13.06,19.59,28103,13.47,20.21,28955,13.87,20.81,29807,14.28,21.42,30658,14.69,22.04,31510,15.10,22.65,32361,15.51,23.27,33213,15.91,23.87
BU,4,28681,13.74,20.61,29637,14.20,21.30,30593,14.66,21.99,31548,15.12,22.68,32504,15.57,23.36,33460,16.03,24.05,34416,16.49,24.74,35371,16.95,25.43,36327,17.41,26.12,37283,17.86,26.79
BU,5,32089,15.38,23.07,33158,15.89,23.84,34227,16.40,24.60,35296,16.91,25.37,36366,17.43,26.15,37435,17.94,26.91,38504,18.45,27.68,39573,18.96,28.44,40642,19.47,29.21,41712,19.99,29.99
BU,6,35769,17.14,25.71,36961,17.71,26.57,38153,18.28,27.42,39345,18.85,28.28,40537,19.42,29.13,41729,19.99,29.99,42921,20.57,30.86,44113,21.14,31.71,45305,21.71,32.57,46497,22.28,33.42
BU,7,39749,19.05,28.58,41074,19.68,29.52,42399,20.32,30.48,43725,20.95,31.43,45050,21.59,32.39,46376,22.22,33.33,47701,22.86,34.29,49026,23.49,35.24,50352,24.13,36.20,51677,24.76,37.14
BU,8,44021,21.09,31.64,45488,21.80,32.70,46955,22.50,33.75,48422,23.20,34.80,49888,23.90,35.85,51355,24.61,36.92,52822,25.31,37.97,54289,26.01,38.49,55756,26.72,38.49,57223,27.42,38.49
BU,9,48620,23.30,34.95,50241,24.07,36.11,51861,24.85,37.28,53481,25.63,38.45,55101,26.40,38.49,56721,27.18,38.49,58341,27.95,38.49,59962,28.73,38.49,61582,29.51,38.49,63202,30.28,38.49
BU,10,53543,25.66,38.49,55328,26.51,38.49,57113,27.37,38.49,58898,28.22,38.49,60683,29.08,38.49,62468,29.93,38.49,64254,30.79,38.49,66039,31.64,38.49,67824,32.50,38.49,69609,33.35,38.49
BU,11,58826,28.19,38.49,60786,29.13,38.49,62747,30.07,38.49,64707,31.00,38.49,66668,31.94,38.49,68629,32.88,38.49,70589,33.82,38.49,72550,34.76,38.49,74510,35.70,38.49,76471,36.64,38.49
BU,12,70509,33.78,38.49,72859,34.91,38.49,75209,36.04,38.49,77559,37.16,38.49,79909,38.29,38.49,82259,39.41,39.41,84609,40.54,40.54,86959,41.67,41.67,89310,42.79,42.79,91660,43.92,43.92
BU,13,83844,40.17,40.17,86639,41.51,41.51,89434,42.85,42.85,92228,44.19,44.19,95023,45.53,45.53,97818,46.87,46.87,100612,48.21,48.21,103407,49.55,49.55,106201,50.89,50.89,108996,52.23,52.23
BU,14,99079,47.47,47.47,102381,49.06,49.06,105683,50.64,50.64,108986,52.22,52.22,112288,53.80,53.80,115590,55.39,55.39,118893,56.97,56.97,122195,58.55,58.55,125497,60.13,60.13,128800,61.72,61.72
BU,15,116545,55.84,55.84,120430,57.70,57.70,124315,59.57,59.57,128200,61.43,61.43,132084,63.29,63.29,135969,65.15,65.15,139854,67.01,67.01,143739,68.87,68.87,147624,70.74,70.74,151509,72.60,72.60
CHI,1,22272,10.67,16.01,23016,11.03,16.55,23756,11.38,17.07,24493,11.74,17.61,25234,12.09,18.14,25669,12.30,18.45,26401,12.65,18.98,27139,13.00,19.50,27168,13.02,19.53,27859,13.35,20.03
CHI,2,25041,12.00,18.00,25637,12.28,18.42,26465,12.68,19.02,27168,13.02,19.53,27473,13.16,19.74,28281,13.55,20.33,29090,13.94,20.91,29898,14.33,21.50,30706,14.71,22.07,31514,15.10,22.65
CHI,3,27322,13.09,19.64,28233,13.53,20.30,29143,13.96,20.94,30054,14.40,21.60,30965,14.84,22.26,31875,15.27,22.91,32786,15.71,23.57,33697,16.15,24.23,34608,16.58,24.87,35518,17.02,25.53
CHI,4,30672,14.70,22.05,31694,15.19,22.79,32716,15.68,23.52,33738,16.17,24.26,34760,16.66,24.99,35782,17.15,25.73,36804,17.63,26.45,37826,18.12,27.18,38849,18.61,27.92,39871,19.10,28.65
CHI,5,34316,16.44,24.66,35460,16.99,25.49,36603,17.54,26.31,37746,18.09,27.14,38890,18.63,27.95,40033,19.18,28.77,41177,19.73,29.60,42320,20.28,30.42,43463,20.83,31.25,44607,21.37,32.06
CHI,6,38252,18.33,27.50,39527,18.94,28.41,40801,19.55,29.33,42076,20.16,30.24,43351,20.77,31.16,44626,21.38,32.07,45900,21.99,32.99,47175,22.60,33.90,48450,23.22,34.83,49725,23.83,35.75
CHI,7,42508,20.37,30.56,43925,21.05,31.58,45342,21.73,32.60,46760,22.41,33.62,48177,23.08,34.62,49595,23.76,35.64,51012,24.44,36.66,52429,25.12,37.68,53847,25.80,38.70,55264,26.48,39.72
CHI,8,47076,22.56,33.84,48645,23.31,34.97,50214,24.06,36.09,51783,24.81,37.22,53351,25.56,38.34,54920,26.32,39.48,56489,27.07,40.61,58058,27.82,41.16,59626,28.57,41.16,61195,29.32,41.16
CHI,9,51995,24.91,37.37,53728,25.74,38.61,55461,26.57,39.86,57193,27.40,41.10,58926,28.23,41.16,60658,29.06,41.16,62391,29.90,41.16,64124,30.73,41.16,65856,31.56,41.16,67589,32.39,41.16
CHI,10,57260,27.44,41.16,59169,28.35,41.16,61078,29.27,41.16,62987,30.18,41.16,64896,31.10,41.16,66805,32.01,41.16,68714,32.92,41.16,70623,33.84,41.16,72532,34.75,41.16,74441,35.67,41.16
CHI,11,62909,30.14,41.16,65006,31.15,41.16,67102,32.15,41.16,69199,33.16,41.16,71296,34.16,41.16,73392,35.17,41.16,75489,36.17,41.16,77586,37.18,41.16,79682,38.18,41.16,81779,39.18,41.16
CHI,12,75403,36.13,41.16,77916,37.33,41.16,80429,38.54,41.16,82943,39.74,41.16,85456,40.95,41.16,87969,42.15,42.15,90482,43.36,43.36,92996,44.56,44.56,95509,45.76,45.76,98022,46.97,46.97
CHI,13,89664,42.96,42.96,92653,44.40,44.40,95641,45.83,45.83,98630,47.26,47.26,101619,48.69,48.69,104607,50.12,50.12,107596,51.56,51.56,110585,52.99,52.99,113573,54.42,54.42,116562,55.85,55.85
CHI,14,105956,50.77,50.77,109488,52.46,52.46,113019,54.15,54.15,116551,55.85,55.85,120082,57.54,57.54,123614,59.23,59.23,127145,60.92,60.92,130677,62.61,62.61,134209,64.31,64.31,137740,66.00,66.00
CHI,15,124635,59.72,59.72,128789,61.71,61.71,132944,63.70,63.70,137098,65.69,65.69,141253,67.68,67.68,145407,69.67,69.67,149562,71.66,71.66,153717,73.65,73.65,155500,74.51,74.51,155500,74.51,74.51
CIN,1,21105,10.11,15.17,21811,10.45,15.68,22513,10.79,16.19,23211,11.12,16.68,23913,11.46,17.19,24325,11.66,17.49,25019,11.99,17.99,25718,12.32,18.48,25746,12.34,18.51,26400,12.65,18.98
CIN,2,23730,11.37,17.06,24294,11.64,17.46,25079,12.02,18.03,25746,12.34,18.51,26035,12.47,18.71,26801,12.84,19.26,27566,13.21,19.82,28332,13.58,20.37,29098,13.94,20.91,29864,14.31,21.47
CIN,3,25891,12.41,18.62,26754,12.82,19.23,27617,13.23,19.85,28480,13.65,20.48,29343,14.06,21.09,30207,14.47,21.71,31070,14.89,22.34,31933,15.30,22.95,32796,15.71,23.57,33659,16.13,24.20
CIN,4,29066,13.93,20.90,30035,14.39,21.59,31003,14.86,22.29,31972,15.32,22.98,32940,15.78,23.67,33909,16.25,24.38,34877,16.71,25.07,35846,17.18,25.77,36815,17.64,26.46,37783,18.10,27.15
CIN,5,32519,15.58,23.37,33603,16.10,24.15,34687,16.62,24.93,35770,17.14,25.71,36854,17.66,26.49,37937,18.18,27.27,39021,18.70,28.05,40104,19.22,28.83,41188,19.74,29.61,42271,20.25,30.38
CIN,6,36249,17.37,26.06,37457,17.95,26.93,38665,18.53,27.80,39873,19.11,28.67,41081,19.68,29.52,42289,20.26,30.39,43497,20.84,31.26,44705,21.42,32.13,45913,22.00,33.00,47121,22.58,33.87
CIN,7,40282,19.30,28.95,41625,19.94,29.91,42968,20.59,30.89,44312,21.23,31.85,45655,21.88,32.82,46998,22.52,33.78,48341,23.16,34.74,49684,23.81,35.72,51027,24.45,36.68,52371,25.09,37.64
CIN,8,44612,21.38,32.07,46098,22.09,33.14,47585,22.80,34.20,49071,23.51,35.27,50558,24.23,36.35,52045,24.94,37.41,53531,25.65,38.48,55018,26.36,39.00,56504,27.07,39.00,57991,27.79,39.00
CIN,9,49273,23.61,35.42,50915,24.40,36.60,52557,25.18,37.77,54199,25.97,38.96,55841,26.76,39.00,57483,27.54,39.00,59124,28.33,39.00,60766,29.12,39.00,62408,29.90,39.00,64050,30.69,39.00
CIN,10,54262,26.00,39.00,56071,26.87,39.00,57880,27.73,39.00,59689,28.60,39.00,61498,29.47,39.00,63307,30.33,39.00,65116,31.20,39.00,66925,32.07,39.00,68734,32.93,39.00,70543,33.80,39.00
CIN,11,59615,28.56,39.00,61602,29.52,39.00,63589,30.47,39.00,65576,31.42,39.00,67563,32.37,39.00,69550,33.33,39.00,71537,34.28,39.00,73524,35.23,39.00,75510,36.18,39.00,77497,37.13,39.00
CIN,12,71455,34.24,39.00,73836,35.38,39.00,76218,36.52,39.00,78600,37.66,39.00,80982,38.80,39.00,83363,39.94,39.94,85745,41.09,41.09,88127,42.23,42.23,90508,43.37,43.37,92890,44.51,44.51
CIN,13,84970,40.71,40.71,87802,42.07,42.07,90634,43.43,43.43,93466,44.78,44.78,96298,46.14,46.14,99130,47.50,47.50,101962,48.86,48.86,104795,50.21,50.21,107627,51.57,51.57,110459,52.93,52.93
CIN,14,100408,48.11,48.11,103755,49.71,49.71,107102,51.32,51.32,110448,52.92,52.92,113795,54.53,54.53,117142,56.13,56.13,120488,57.73,57.73,123835,59.34,59.34,127182,60.94,60.94,130528,62.54,62.54
CIN,15,118109,56.59,56.59,122046,58.48,58.48,125983,60.37,60.37,129920,62.25,62.25,133857,64.14,64.14,137794,66.02,66.02,141731,67.91,67.91,145668,69.80,69.80,149605,71.68,71.68,153542,73.57,73.57
CLE,1,21129,10.12,15.18,21835,10.46,15.69,22537,10.80,16.20,23236,11.13,16.70,23939,11.47,17.21,24352,11.67,17.51,25046,12.00,18.00,25746,12.34,18.51,25774,12.35,18.53,26429,12.66,18.99
CLE,2,23756,11.38,17.07,24321,11.65,17.48,25107,12.03,18.05,25774,12.35,18.53,26063,12.49,18.74,26830,12.86,19.29,27597,13.22,19.83,28363,13.59,20.39,29130,13.96,20.94,29897,14.33,21.50
CLE,3,25920,12.42,18.63,26784,12.83,19.25,27648,13.25,19.88,28512,13.66,20.49,29376,14.08,21.12,30240,14.49,21.74,31104,14.90,22.35,31968,15.32,22.98,32832,15.73,23.60,33696,16.15,24.23
CLE,4,29098,13.94,20.91,30068,14.41,21.62,31037,14.87,22.31,32007,15.34,23.01,32976,15.80,23.70,33946,16.27,24.41,34916,16.73,25.10,35885,17.19,25.79,36855,17.66,26.49,37825,18.12,27.18
CLE,5,32555,15.60,23.40,33640,16.12,24.18,34725,16.64,24.96,35809,17.16,25.74,36894,17.68,26.52,37979,18.20,27.30,39064,18.72,28.08,40148,19.24,28.86,41233,19.76,29.64,42318,20.28,30.42
CLE,6,36289,17.39,26.09,37498,17.97,26.96,38707,18.55,27.83,39917,19.13,28.70,41126,19.71,29.57,42336,20.29,30.44,43545,20.86,31.29,44754,21.44,32.16,45964,22.02,33.03,47173,22.60,33.90
CLE,7,40326,19.32,28.98,41671,19.97,29.96,43016,20.61,30.92,44360,21.26,31.89,45705,21.90,32.85,47049,22.54,33.81,48394,23.19,34.79,49739,23.83,35.75,51083,24.48,36.72,52428,25.12,37.68
CLE,8,44660,21.40,32.10,46149,22.11,33.17,47637,22.83,34.25,49125,23.54,35.31,50613,24.25,36.38,52102,24.97,37.46,53590,25.68,38.52,55078,26.39,39.05,56566,27.10,39.05,58055,27.82,39.05
CLE,9,49327,23.64,35.46,50971,24.42,36.63,52614,25.21,37.82,54258,26.00,39.00,55902,26.79,39.05,57546,27.57,39.05,59189,28.36,39.05,60833,29.15,39.05,62477,29.94,39.05,64120,30.72,39.05
CLE,10,54321,26.03,39.05,56132,26.90,39.05,57943,27.76,39.05,59754,28.63,39.05,61565,29.50,39.05,63376,30.37,39.05,65187,31.23,39.05,66998,32.10,39.05,68809,32.97,39.05,70621,33.84,39.05
CLE,11,59681,28.60,39.05,61670,29.55,39.05,63659,30.50,39.05,65648,31.46,39.05,67637,32.41,39.05,69626,33.36,39.05,71615,34.31,39.05,73604,35.27,39.05,75593,36.22,39.05,77582,37.17,39.05
CLE,12,71533,34.28,39.05,73917,35.42,39.05,76302,36.56,39.05,78686,37.70,39.05,81070,38.85,39.05,83455,39.99,39.99,85839,41.13,41.13,88223,42.27,42.27,90607,43.41,43.41,92992,44.56,44.56
CLE,13,85063,40.76,40.76,87898,42.12,42.12,90733,43.48,43.48,93568,44.83,44.83,96404,46.19,46.19,99239,47.55,47.55,102074,48.91,48.91,104910,50.27,50.27,107745,51.63,51.63,110580,52.99,52.99
CLE,14,100518,48.16,48.16,103869,49.77,49.77,107219,51.37,51.37,110569,52.98,52.98,113920,54.59,54.59,117270,56.19,56.19,120620,57.80,57.80,123971,59.40,59.40,127321,61.01,61.01,130671,62.61,62.61
CLE,15,118239,56.66,56.66,122180,58.54,58.54,126121,60.43,60.43,130063,62.32,62.32,134004,64.21,64.21,137945,66.10,66.10,141887,67.99,67.99,145828,69.87,69.87,149769,71.76,71.76,153711,73.65,73.65
COL,1,20858,9.99,14.99,21555,10.33,15.50,22249,10.66,15.99,22939,10.99,16.49,23632,11.32,16.98,24040,11.52,17.28,24725,11.85,17.78,25417,12.18,18.27,25444,12.19,18.29,26090,12.50,18.75
COL,2,23452,11.24,16.86,24010,11.50,17.25,24785,11.88,17.82,25444,12.19,18.29,25730,12.33,18.50,26486,12.69,19.04,27243,13.05,19.58,28000,13.42,20.13,28757,13.78,20.67,29514,14.14,21.21
COL,3,25588,12.26,18.39,26441,12.67,19.01,27294,13.08,19.62,28147,13.49,20.24,28999,13.90,20.85,29852,14.30,21.45,30705,14.71,22.07,31558,15.12,22.68,32411,15.53,23.30,33264,15.94,23.91
COL,4,28725,13.76,20.64,29682,14.22,21.33,30640,14.68,22.02,31597,15.14,22.71,32554,15.60,23.40,33511,16.06,24.09,34468,16.52,24.78,35426,16.97,25.46,36383,17.43,26.15,37340,17.89,26.84
COL,5,32138,15.40,23.10,33209,15.91,23.87,34280,16.43,24.65,35351,16.94,25.41,36422,17.45,26.18,37492,17.96,26.94,38563,18.48,27.72,39634,18.99,28.49,40705,19.50,29.25,41776,20.02,30.03
COL,6,35824,17.17,25.76,37018,17.74,26.61,38212,18.31,27.47,39406,18.88,28.32,40599,19.45,29.18,41793,20.03,30.05,42987,20.60,30.90,44181,21.17,31.76,45375,21.74,32.61,46569,22.31,33.47
COL,7,39810,19.08,28.62,41137,19.71,29.57,42465,20.35,30.53,43792,20.98,31.47,45119,21.62,32.43,46447,22.26,33.39,47774,22.89,34.34,49102,23.53,35.30,50429,24.16,36.24,51757,24.80,37.20
COL,8,44088,21.13,31.70,45558,21.83,32.75,47027,22.53,33.80,48496,23.24,34.86,49965,23.94,35.91,51434,24.64,36.96,52904,25.35,38.03,54373,26.05,38.54,55842,26.76,38.54,57311,27.46,38.54
COL,9,48695,23.33,35.00,50318,24.11,36.17,51941,24.89,37.34,53563,25.67,38.51,55186,26.44,38.54,56809,27.22,38.54,58431,28.00,38.54,60054,28.78,38.54,61677,29.55,38.54,63299,30.33,38.54
COL,10,53625,25.69,38.54,55413,26.55,38.54,57201,27.41,38.54,58989,28.26,38.54,60777,29.12,38.54,62565,29.98,38.54,64352,30.83,38.54,66140,31.69,38.54,67928,32.55,38.54,69716,33.40,38.54
COL,11,58916,28.23,38.54,60880,29.17,38.54,62843,30.11,38.54,64807,31.05,38.54,66771,31.99,38.54,68734,32.93,38.54,70698,33.88,38.54,72661,34.82,38.54,74625,35.76,38.54,76589,36.70,38.54
COL,12,70617,33.84,38.54,72971,34.96,38.54,75325,36.09,38.54,77678,37.22,38.54,80032,38.35,38.54,82386,39.48,39.48,84739,40.60,40.60,87093,41.73,41.73,89447,42.86,42.86,91801,43.99,43.99
COL,13,83973,40.24,40.24,86772,41.58,41.58,89571,42.92,42.92,92370,44.26,44.26,95169,45.60,45.60,97968,46.94,46.94,100767,48.28,48.28,103566,49.62,49.62,106365,50.97,50.97,109164,52.31,52.31
COL,14,99231,47.55,47.55,102538,49.13,49.13,105846,50.72,50.72,109153,52.30,52.30,112461,53.89,53.89,115768,55.47,55.47,119076,57.06,57.06,122383,58.64,58.64,125690,60.23,60.23,128998,61.81,61.81
COL,15,116724,55.93,55.93,120615,57.79,57.79,124506,59.66,59.66,128397,61.52,61.52,132288,63.39,63.39,136179,65.25,65.25,140069,67.11,67.11,143960,68.98,68.98,147851,70.84,70.84,151742,72.71,72.71
DAY,1,20694,9.92,14.88,21386,10.25,15.38,22074,10.58,15.87,22759,10.91,16.37,23447,11.23,16.85,23851,11.43,17.15,24531,11.75,17.63,25217,12.08,18.12,25244,12.10,18.15,25885,12.40,18.60
DAY,2,23268,11.15,16.73,23821,11.41,17.12,24591,11.78,17.67,25244,12.10,18.15,25527,12.23,18.35,26278,12.59,18.89,27029,12.95,19.43,27780,13.31,19.97,28531,13.67,20.51,29282,14.03,21.05
DAY,3,25387,12.16,18.24,26233,12.57,18.86,27079,12.98,19.47,27925,13.38,20.07,28772,13.79,20.69,29618,14.19,21.29,30464,14.60,21.90,31310,15.00,22.50,32157,15.41,23.12,33003,15.81,23.72
DAY,4,28500,13.66,20.49,29449,14.11,21.17,30399,14.57,21.86,31349,15.02,22.53,32298,15.48,23.22,33248,15.93,23.90,34198,16.39,24.59,35147,16.84,25.26,36097,17.30,25.95,37047,17.75,26.63
DAY,5,31886,15.28,22.92,32948,15.79,23.69,34011,16.30,24.45,35073,16.81,25.22,36136,17.31,25.97,37198,17.82,26.73,38260,18.33,27.50,39323,18.84,28.26,40385,19.35,29.03,41448,19.86,29.79
DAY,6,35543,17.03,25.55,36727,17.60,26.40,37912,18.17,27.26,39096,18.73,28.10,40281,19.30,28.95,41465,19.87,29.81,42650,20.44,30.66,43834,21.00,31.50,45019,21.57,32.36,46203,22.14,33.21
DAY,7,39497,18.93,28.40,40814,19.56,29.34,42131,20.19,30.29,43448,20.82,31.23,44765,21.45,32.18,46082,22.08,33.12,47399,22.71,34.07,48716,23.34,35.01,50033,23.97,35.96,51350,24.60,36.90
DAY,8,43742,20.96,31.44,45200,21.66,32.49,46658,22.36,33.54,48115,23.05,34.58,49573,23.75,35.63,51031,24.45,36.68,52488,25.15,37.73,53946,25.85,38.24,55403,26.55,38.24,56861,27.25,38.24
DAY,9,48313,23.15,34.73,49923,23.92,35.88,51533,24.69,37.04,53143,25.46,38.19,54753,26.24,38.24,56362,27.01,38.24,57972,27.78,38.24,59582,28.55,38.24,61192,29.32,38.24,62802,30.09,38.24
DAY,10,53204,25.49,38.24,54978,26.34,38.24,56752,27.19,38.24,58526,28.04,38.24,60300,28.89,38.24,62073,29.74,38.24,63847,30.59,38.24,65621,31.44,38.24,67395,32.29,38.24,69169,33.14,38.24
DAY,11,58454,28.01,38.24,60402,28.94,38.24,62350,29.88,38.24,64298,30.81,38.24,66246,31.74,38.24,68195,32.68,38.24,70143,33.61,38.24,72091,34.54,38.24,74039,35.48,38.24,75987,36.41,38.24
DAY,12,70062,33.57,38.24,72398,34.69,38.24,74733,35.81,38.24,77068,36.93,38.24,79404,38.05,38.24,81739,39.17,39.17,84074,40.28,40.28,86409,41.40,41.40,88745,42.52,42.52,91080,43.64,43.64
DAY,13,83314,39.92,39.92,86091,41.25,41.25,88868,42.58,42.58,91645,43.91,43.91,94422,45.24,45.24,97199,46.57,46.57,99976,47.90,47.90,102753,49.23,49.23,105530,50.57,50.57,108307,51.90,51.90
DAY,14,98452,47.17,47.17,101733,48.75,48.75,105015,50.32,50.32,108296,51.89,51.89,111578,53.46,53.46,114859,55.04,55.04,118141,56.61,56.61,121422,58.18,58.18,124703,59.75,59.75,127985,61.32,61.32
DAY,15,115808,55.49,55.49,119668,57.34,57.34,123528,59.19,59.19,127389,61.04,61.04,131249,62.89,62.89,135109,64.74,64.74,138970,66.59,66.59,142830,68.44,68.44,146690,70.29,70.29,150551,72.14,72.14
DCB,1,22115,10.60,15.90,22854,10.95,16.43,23589,11.30,16.95,24321,11.65,17.48,25056,12.01,18.02,25489,12.21,18.32,26215,12.56,18.84,26948,12.91,19.37,26977,12.93,19.40,27663,13.25,19.88
DCB,2,24865,11.91,17.87,25456,12.20,18.30,26279,12.59,18.89,26977,12.93,19.40,27280,13.07,19.61,28082,13.46,20.19,28885,13.84,20.76,29687,14.22,21.33,30490,14.61,21.92,31292,14.99,22.49
DCB,3,27130,13.00,19.50,28034,13.43,20.15,28938,13.87,20.81,29843,14.30,21.45,30747,14.73,22.10,31651,15.17,22.76,32556,15.60,23.40,33460,16.03,24.05,34364,16.47,24.71,35269,16.90,25.35
DCB,4,30456,14.59,21.89,31471,15.08,22.62,32486,15.57,23.36,33501,16.05,24.08,34516,16.54,24.81,35531,17.02,25.53,36546,17.51,26.27,37560,18.00,27.00,38575,18.48,27.72,39590,18.97,28.46
DCB,5,34075,16.33,24.50,35210,16.87,25.31,36346,17.42,26.13,37481,17.96,26.94,38616,18.50,27.75,39752,19.05,28.58,40887,19.59,29.39,42022,20.14,30.21,43158,20.68,31.02,44293,21.22,31.83
DCB,6,37983,18.20,27.30,39249,18.81,28.22,40514,19.41,29.12,41780,20.02,30.03,43046,20.63,30.95,44312,21.23,31.85,45578,21.84,32.76,46843,22.45,33.68,48109,23.05,34.58,49375,23.66,35.49
DCB,7,42209,20.22,30.33,43616,20.90,31.35,45024,21.57,32.36,46431,22.25,33.38,47838,22.92,34.38,49246,23.60,35.40,50653,24.27,36.41,52061,24.95,37.43,53468,25.62,38.43,54875,26.29,39.44
DCB,8,46745,22.40,33.60,48303,23.14,34.71,49861,23.89,35.84,51418,24.64,36.96,52976,25.38,38.07,54534,26.13,39.20,56092,26.88,40.32,57649,27.62,40.86,59207,28.37,40.86,60765,29.12,40.86
DCB,9,51630,24.74,37.11,53350,25.56,38.34,55070,26.39,39.59,56791,27.21,40.82,58511,28.04,40.86,60232,28.86,40.86,61952,29.68,40.86,63673,30.51,40.86,65393,31.33,40.86,67114,32.16,40.86
DCB,10,56857,27.24,40.86,58752,28.15,40.86,60648,29.06,40.86,62544,29.97,40.86,64439,30.88,40.86,66335,31.78,40.86,68230,32.69,40.86,70126,33.60,40.86,72022,34.51,40.86,73917,35.42,40.86
DCB,11,62467,29.93,40.86,64548,30.93,40.86,66630,31.93,40.86,68712,32.92,40.86,70794,33.92,40.86,72876,34.92,40.86,74958,35.92,40.86,77040,36.91,40.86,79122,37.91,40.86,81204,38.91,40.86
DCB,12,74872,35.88,40.86,77368,37.07,40.86,79864,38.27,40.86,82359,39.46,40.86,84855,40.66,40.86,87350,41.85,41.85,89846,43.05,43.05,92341,44.25,44.25,94837,45.44,45.44,97333,46.64,46.64
DCB,13,89033,42.66,42.66,92001,44.08,44.08,94969,45.51,45.51,97936,46.93,46.93,100904,48.35,48.35,103872,49.77,49.77,106839,51.19,51.19,109807,52.61,52.61,112774,54.04,54.04,115742,55.46,55.46
DCB,14,105211,50.41,50.41,108717,52.09,52.09,112224,53.77,53.77,115731,55.45,55.45,119238,57.13,57.13,122744,58.81,58.81,126251,60.49,60.49,129758,62.17,62.17,133264,63.85,63.85,136771,65.53,65.53
DCB,15,123758,59.30,59.30,127883,61.28,61.28,132009,63.25,63.25,136134,65.23,65.23,140259,67.21,67.21,144385,69.18,69.18,148510,71.16,71.16,152635,73.14,73.14,155500,74.51,74.51,155500,74.51,74.51
DEN,1,21812,10.45,15.68,22541,10.80,16.20,23267,11.15,16.73,23988,11.49,17.24,24714,11.84,17.76,25140,12.05,18.08,25857,12.39,18.59,26579,12.74,19.11,26608,12.75,19.13,27284,13.07,19.61
DEN,2,24525,11.75,17.63,25108,12.03,18.05,25919,12.42,18.63,26608,12.75,19.13,26907,12.89,19.34,27698,13.27,19.91,28490,13.65,20.48,29281,14.03,21.05,30073,14.41,21.62,30864,14.79,22.19
DEN,3,26758,12.82,19.23,27650,13.25,19.88,28542,13.68,20.52,29434,14.10,21.15,30326,14.53,21.80,31218,14.96,22.44,32110,15.39,23.09,33002,15.81,23.72,33894,16.24,24.36,34786,16.67,25.01
DEN,4,30039,14.39,21.59,31040,14.87,22.31,32041,15.35,23.03,33042,15.83,23.75,34043,16.31,24.47,35044,16.79,25.19,36045,17.27,25.91,37046,17.75,26.63,38047,18.23,27.35,39048,18.71,28.07
DEN,5,33608,16.10,24.15,34728,16.64,24.96,35848,17.18,25.77,36968,17.71,26.57,38088,18.25,27.38,39208,18.79,28.19,40327,19.32,28.98,41447,19.86,29.79,42567,20.40,30.60,43687,20.93,31.40
DEN,6,37463,17.95,26.93,38711,18.55,27.83,39960,19.15,28.73,41208,19.75,29.63,42457,20.34,30.51,43705,20.94,31.41,44954,21.54,32.31,46202,22.14,33.21,47451,22.74,34.11,48699,23.33,35.00
DEN,7,41631,19.95,29.93,43019,20.61,30.92,44407,21.28,31.92,45796,21.94,32.91,47184,22.61,33.92,48572,23.27,34.91,49960,23.94,35.91,51348,24.60,36.90,52736,25.27,37.91,54124,25.93,38.90
DEN,8,46106,22.09,33.14,47642,22.83,34.25,49178,23.56,35.34,50715,24.30,36.45,52251,25.04,37.56,53788,25.77,38.66,55324,26.51,39.77,56860,27.24,40.31,58397,27.98,40.31,59933,28.72,40.31
DEN,9,50923,24.40,36.60,52620,25.21,37.82,54317,26.03,39.05,56014,26.84,40.26,57711,27.65,40.31,59407,28.47,40.31,61104,29.28,40.31,62801,30.09,40.31,64498,30.90,40.31,66195,31.72,40.31
DEN,10,56079,26.87,40.31,57948,27.77,40.31,59818,28.66,40.31,61688,29.56,40.31,63557,30.45,40.31,65427,31.35,40.31,67297,32.25,40.31,69166,33.14,40.31,71036,34.04,40.31,72906,34.93,40.31
DEN,11,61612,29.52,40.31,63665,30.51,40.31,65719,31.49,40.31,67772,32.47,40.31,69825,33.46,40.31,71879,34.44,40.31,73932,35.43,40.31,75986,36.41,40.31,78039,37.39,40.31,80093,38.38,40.31
DEN,12,73848,35.38,40.31,76309,36.56,40.31,78771,37.74,40.31,81232,38.92,40.31,83693,40.10,40.31,86155,41.28,41.28,88616,42.46,42.46,91078,43.64,43.64,93539,44.82,44.82,96001,46.00,46.00
DEN,13,87815,42.08,42.08,90742,43.48,43.48,93669,44.88,44.88,96596,46.28,46.28,99523,47.69,47.69,102450,49.09,49.09,105377,50.49,50.49,108304,51.89,51.89,111231,53.30,53.30,114158,54.70,54.70
DEN,14,103771,49.72,49.72,107230,51.38,51.38,110688,53.04,53.04,114147,54.69,54.69,117606,56.35,56.35,121064,58.01,58.01,124523,59.67,59.67,127982,61.32,61.32,131441,62.98,62.98,134899,64.64,64.64
DEN,15,122064,58.49,58.49,126133,60.44,60.44,130202,62.39,62.39,134271,64.34,64.34,138340,66.29,66.29,142409,68.24,68.24,146478,70.19,70.19,150546,72.14,72.14,154615,74.08,74.08,155500,74.51,74.51
DET,1,22092,10.59,15.89,22830,10.94,16.41,23565,11.29,16.94,24296,11.64,17.46,25030,11.99,17.99,25462,12.20,18.30,26188,12.55,18.83,26920,12.90,19.35,26949,12.91,19.37,27634,13.24,19.86
DET,2,24839,11.90,17.85,25430,12.18,18.27,26251,12.58,18.87,26949,12.91,19.37,27251,13.06,19.59,28053,13.44,20.16,28855,13.83,20.75,29656,14.21,21.32,30458,14.59,21.89,31260,14.98,22.47
DET,3,27101,12.99,19.49,28005,13.42,20.13,28908,13.85,20.78,29811,14.28,21.42,30715,14.72,22.08,31618,15.15,22.73,32522,15.58,23.37,33425,16.02,24.03,34328,16.45,24.68,35232,16.88,25.32
DET,4,30424,14.58,21.87,31438,15.06,22.59,32452,15.55,23.33,33466,16.04,24.06,34480,16.52,24.78,35493,17.01,25.52,36507,17.49,26.24,37521,17.98,26.97,38535,18.46,27.69,39549,18.95,28.43
DET,5,34039,16.31,24.47,35173,16.85,25.28,36307,17.40,26.10,37442,17.94,26.91,38576,18.48,27.72,39710,19.03,28.55,40844,19.57,29.36,41978,20.11,30.17,43113,20.66,30.99,44247,21.20,31.80
DET,6,37943,18.18,27.27,39207,18.79,28.19,40472,19.39,29.09,41736,20.00,30.00,43001,20.60,30.90,44265,21.21,31.82,45530,21.82,32.73,46794,22.42,33.63,48059,23.03,34.55,49323,23.63,35.45
DET,7,42165,20.20,30.30,43570,20.88,31.32,44976,21.55,32.33,46382,22.22,33.33,47788,22.90,34.35,49194,23.57,35.36,50600,24.25,36.38,52006,24.92,37.38,53412,25.59,38.39,54818,26.27,39.41
DET,8,46696,22.37,33.56,48252,23.12,34.68,49808,23.87,35.81,51365,24.61,36.92,52921,25.36,38.04,54477,26.10,39.15,56033,26.85,40.28,57589,27.59,40.82,59145,28.34,40.82,60701,29.09,40.82
DET,9,51576,24.71,37.07,53294,25.54,38.31,55013,26.36,39.54,56731,27.18,40.77,58450,28.01,40.82,60169,28.83,40.82,61887,29.65,40.82,63606,30.48,40.82,65325,31.30,40.82,67043,32.12,40.82
DET,10,56797,27.21,40.82,58691,28.12,40.82,60584,29.03,40.82,62478,29.94,40.82,64372,30.84,40.82,66265,31.75,40.82,68159,32.66,40.82,70053,33.57,40.82,71946,34.47,40.82,73840,35.38,40.82
DET,11,62401,29.90,40.82,64481,30.90,40.82,66561,31.89,40.82,68640,32.89,40.82,70720,33.89,40.82,72800,34.88,40.82,74880,35.88,40.82,76959,36.88,40.82,79039,37.87,40.82,81119,38.87,40.82
DET,12,74794,35.84,40.82,77287,37.03,40.82,79780,38.23,40.82,82273,39.42,40.82,84766,40.62,40.82,87259,41.81,41.81,89752,43.01,43.01,92245,44.20,44.20,94738,45.39,45.39,97231,46.59,46.59
DET,13,88940,42.62,42.62,91905,44.04,44.04,94869,45.46,45.46,97834,46.88,46.88,100798,48.30,48.30,103763,49.72,49.72,106727,51.14,51.14,109692,52.56,52.56,112656,53.98,53.98,115621,55.40,55.40
DET,14,105101,50.36,50.36,108604,52.04,52.04,112107,53.72,53.72,115610,55.40,55.40,119113,57.07,57.07,122616,58.75,58.75,126119,60.43,60.43,129622,62.11,62.11,133125,63.79,63.79,136628,65.47,65.47
DET,15,123628,59.24,59.24,127749,61.21,61.21,131870,63.19,63.19,135991,65.16,65.16,140113,67.14,67.14,144234,69.11,69.11,148355,71.09,71.09,152476,73.06,73.06,155500,74.51,74.51,155500,74.51,74.51
DFW,1,21483,10.29,15.44,22201,10.64,15.96,22915,10.98,16.47,23626,11.32,16.98,24340,11.66,17.49,24760,11.86,17.79,25466,12.20,18.30,26178,12.54,18.81,26206,12.56,18.84,26872,12.88,19.32
DFW,2,24155,11.57,17.36,24729,11.85,17.78,25528,12.23,18.35,26206,12.56,18.84,26500,12.70,19.05,27280,13.07,19.61,28059,13.44,20.16,28839,13.82,20.73,29618,14.19,21.29,30398,14.57,21.86
DFW,3,26354,12.63,18.95,27233,13.05,19.58,28111,13.47,20.21,28990,13.89,20.84,29868,14.31,21.47,30747,14.73,22.10,31625,15.15,22.73,32504,15.57,23.36,33382,16.00,24.00,34261,16.42,24.63
DFW,4,29586,14.18,21.27,30572,14.65,21.98,31558,15.12,22.68,32543,15.59,23.39,33529,16.07,24.11,34515,16.54,24.81,35501,17.01,25.52,36487,17.48,26.22,37473,17.96,26.94,38459,18.43,27.65
DFW,5,33101,15.86,23.79,34204,16.39,24.59,35307,16.92,25.38,36410,17.45,26.18,37513,17.97,26.96,38616,18.50,27.75,39719,19.03,28.55,40821,19.56,29.34,41924,20.09,30.14,43027,20.62,30.93
DFW,6,36897,17.68,26.52,38127,18.27,27.41,39357,18.86,28.29,40586,19.45,29.18,41816,20.04,30.06,43045,20.63,30.95,44275,21.21,31.82,45505,21.80,32.70,46734,22.39,33.59,47964,22.98,34.47
DFW,7,41002,19.65,29.48,42370,20.30,30.45,43737,20.96,31.44,45104,21.61,32.42,46471,22.27,33.41,47838,22.92,34.38,49206,23.58,35.37,50573,24.23,36.35,51940,24.89,37.34,53307,25.54,38.31
DFW,8,45409,21.76,32.64,46923,22.48,33.72,48436,23.21,34.82,49949,23.93,35.90,51462,24.66,36.99,52975,25.38,38.07,54489,26.11,39.17,56002,26.83,39.69,57515,27.56,39.69,59028,28.28,39.69
DFW,9,50154,24.03,36.05,51825,24.83,37.25,53497,25.63,38.45,55168,26.43,39.65,56839,27.23,39.69,58510,28.04,39.69,60182,28.84,39.69,61853,29.64,39.69,63524,30.44,39.69,65196,31.24,39.69
DFW,10,55232,26.46,39.69,57073,27.35,39.69,58915,28.23,39.69,60756,29.11,39.69,62598,29.99,39.69,64439,30.88,39.69,66280,31.76,39.69,68122,32.64,39.69,69963,33.52,39.69,71805,34.41,39.69
DFW,11,60681,29.08,39.69,62704,30.05,39.69,64726,31.01,39.69,66749,31.98,39.69,68771,32.95,39.69,70793,33.92,39.69,72816,34.89,39.69,74838,35.86,39.69,76861,36.83,39.69,78883,37.80,39.69
DFW,12,72733,34.85,39.69,75157,36.01,39.69,77581,37.17,39.69,80005,38.33,39.69,82430,39.50,39.69,84854,40.66,40.66,87278,41.82,41.82,89702,42.98,42.98,92127,44.14,44.14,94551,45.30,45.30
DFW,13,86489,41.44,41.44,89372,42.82,42.82,92255,44.20,44.20,95137,45.59,45.59,98020,46.97,46.97,100903,48.35,48.35,103786,49.73,49.73,106669,51.11,51.11,109551,52.49,52.49,112434,53.87,53.87
DFW,14,102204,48.97,48.97,105610,50.60,50.60,109017,52.24,52.24,112423,53.87,53.87,115830,55.50,55.50,119236,57.13,57.13,122643,58.77,58.77,126049,60.40,60.40,129456,62.03,62.03,132862,63.66,63.66
DFW,15,120221,57.60,57.60,124229,59.53,59.53,128236,61.45,61.45,132243,63.37,63.37,136251,65.29,65.29,140258,67.21,67.21,144266,69.13,69.13,148273,71.05,71.05,152281,72.97,72.97,155500,74.51,74.51
GS,1,17803,8.53,12.80,18398,8.82,13.23,18990,9.10,13.65,19579,9.38,14.07,20171,9.67,14.51,20519,9.83,14.75,21104,10.11,15.17,21694,10.39,15.59,21717,10.41,15.62,22269,10.67,16.01
GS,2,20017,9.59,14.39,20493,9.82,14.73,21155,10.14,15.21,21717,10.41,15.62,21961,10.52,15.78,22607,10.83,16.25,23253,11.14,16.71,23899,11.45,17.18,24545,11.76,17.64,25191,12.07,18.11
GS,3,21840,10.46,15.69,22568,10.81,16.22,23296,11.16,16.74,24024,11.51,17.27,24752,11.86,17.79,25480,12.21,18.32,26208,12.56,18.84,26936,12.91,19.37,27664,13.26,19.89,28392,13.60,20.40
GS,4,24518,11.75,17.63,25335,12.14,18.21,26152,12.53,18.80,26969,12.92,19.38,27786,13.31,19.97,28603,13.71,20.57,29420,14.10,21.15,30237,14.49,21.74,31054,14.88,22.32,31871,15.27,22.91
GS,5,27431,13.14,19.71,28345,13.58,20.37,29259,14.02,21.03,30173,14.46,21.69,31087,14.90,22.35,32001,15.33,23.00,32915,15.77,23.66,33829,16.21,24.32,34743,16.65,24.98,35657,17.09,25.64
GS,6,30577,14.65,21.98,31596,15.14,22.71,32615,15.63,23.45,33634,16.12,24.18,34653,16.60,24.90,35672,17.09,25.64,36691,17.58,26.37,37710,18.07,27.11,38729,18.56,27.84,39748,19.05,28.58
GS,7,33979,16.28,24.42,35112,16.82,25.23,36245,17.37,26.06,37378,17.91,26.87,38511,18.45,27.68,39644,19.00,28.50,40777,19.54,29.31,41910,20.08,30.12,43043,20.62,30.93,44176,21.17,31.76
GS,8,37631,18.03,27.05,38885,18.63,27.95,40139,19.23,28.85,41393,19.83,29.75,42647,20.43,30.65,43901,21.04,31.56,45155,21.64,32.46,46409,22.24,32.90,47663,22.84,32.90,48917,23.44,32.90
GS,9,41563,19.92,29.88,42948,20.58,30.87,44333,21.24,31.86,45718,21.91,32.87,47103,22.57,32.90,48488,23.23,32.90,49873,23.90,32.90,51258,24.56,32.90,52643,25.22,32.90,54028,25.89,32.90
GS,10,45771,21.93,32.90,47297,22.66,32.90,48823,23.39,32.90,50349,24.13,32.90,51875,24.86,32.90,53401,25.59,32.90,54927,26.32,32.90,56453,27.05,32.90,57979,27.78,32.90,59505,28.51,32.90
GS,11,50287,24.10,32.90,51963,24.90,32.90,53639,25.70,32.90,55315,26.50,32.90,56991,27.31,32.90,58667,28.11,32.90,60343,28.91,32.90,62019,29.72,32.90,63695,30.52,32.90,65371,31.32,32.90
GS,12,60274,28.88,32.90,62283,29.84,32.90,64292,30.81,32.90,66301,31.77,32.90,68310,32.73,32.90,70319,33.69,33.69,72328,34.66,34.66,74337,35.62,35.62,76346,36.58,36.58,78355,37.54,37.54
GS,13,71674,34.34,34.34,74063,35.49,35.49,76452,36.63,36.63,78841,37.78,37.78,81230,38.92,38.92,83619,40.07,40.07,86008,41.21,41.21,88397,42.36,42.36,90786,43.50,43.50,93175,44.65,44.65
GS,14,84697,40.58,40.58,87520,41.94,41.94,90343,43.29,43.29,93166,44.64,44.64,95989,45.99,45.99,98812,47.35,47.35,101635,48.70,48.70,104458,50.05,50.05,107281,51.40,51.40,110104,52.76,52.76
GS,15,99628,47.74,47.74,102949,49.33,49.33,106270,50.92,50.92,109591,52.51,52.51,112912,54.10,54.10,116233,55.69,55.69,119554,57.29,57.29,122875,58.88,58.88,126196,60.47,60.47,129517,62.06,62.06
HAR,1,22400,10.73,16.10,23148,11.09,16.64,23893,11.45,17.18,24634,11.80,17.70,25379,12.16,18.24,25817,12.37,18.56,26553,12.72,19.08,27295,13.08,19.62,27324,13.09,19.64,28019,13.43,20.15
HAR,2,25185,12.07,18.11,25784,12.35,18.53,26617,12.75,19.13,27324,13.09,19.64,27631,13.24,19.86,28444,13.63,20.45,29257,14.02,21.03,30070,14.41,21.62,30883,14.80,22.20,31695,15.19,22.79
HAR,3,27479,13.17,19.76,28395,13.61,20.42,29311,14.04,21.06,30227,14.48,21.72,31143,14.92,22.38,32059,15.36,23.04,32975,15.80,23.70,33891,16.24,24.36,34807,16.68,25.02,35723,17.12,25.68
HAR,4,30849,14.78,22.17,31876,15.27,22.91,32904,15.77,23.66,33932,16.26,24.39,34960,16.75,25.13,35988,17.24,25.86,37016,17.74,26.61,38044,18.23,27.35,39072,18.72,28.08,40100,19.21,28.82
HAR,5,34514,16.54,24.81,35664,17.09,25.64,36814,17.64,26.46,37964,18.19,27.29,39114,18.74,28.11,40264,19.29,28.94,41414,19.84,29.76,42564,20.39,30.59,43714,20.95,31.43,44864,21.50,32.25
HAR,6,38472,18.43,27.65,39754,19.05,28.58,41036,19.66,29.49,42318,20.28,30.42,43600,20.89,31.34,44883,21.51,32.27,46165,22.12,33.18,47447,22.73,34.10,48729,23.35,35.03,50011,23.96,35.94
HAR,7,42752,20.48,30.72,44178,21.17,31.76,45603,21.85,32.78,47029,22.53,33.80,48455,23.22,34.83,49880,23.90,35.85,51306,24.58,36.87,52731,25.27,37.91,54157,25.95,38.93,55582,26.63,39.95
HAR,8,47347,22.69,34.04,48925,23.44,35.16,50503,24.20,36.30,52081,24.95,37.43,53658,25.71,38.57,55236,26.47,39.71,56814,27.22,40.83,58392,27.98,41.39,59970,28.74,41.39,61547,29.49,41.39
HAR,9,52295,25.06,37.59,54037,25.89,38.84,55780,26.73,40.10,57522,27.56,41.34,59265,28.40,41.39,61008,29.23,41.39,62750,30.07,41.39,64493,30.90,41.39,66235,31.74,41.39,67978,32.57,41.39
HAR,10,57589,27.59,41.39,59509,28.51,41.39,61429,29.43,41.39,63349,30.35,41.39,65269,31.27,41.39,67189,32.19,41.39,69109,33.11,41.39,71029,34.03,41.39,72949,34.95,41.39,74869,35.87,41.39
HAR,11,63271,30.32,41.39,65380,31.33,41.39,67489,32.34,41.39,69597,33.35,41.39,71706,34.36,41.39,73815,35.37,41.39,75924,36.38,41.39,78032,37.39,41.39,80141,38.40,41.39,82250,39.41,41.39
HAR,12,75837,36.34,41.39,78364,37.55,41.39,80892,38.76,41.39,83420,39.97,41.39,85948,41.18,41.39,88475,42.39,42.39,91003,43.60,43.60,93531,44.82,44.82,96059,46.03,46.03,98586,47.24,47.24
HAR,13,90180,43.21,43.21,93186,44.65,44.65,96192,46.09,46.09,99198,47.53,47.53,102204,48.97,48.97,105209,50.41,50.41,108215,51.85,51.85,111221,53.29,53.29,114227,54.73,54.73,117233,56.17,56.17
HAR,14,106566,51.06,51.06,110118,52.76,52.76,113670,54.47,54.47,117221,56.17,56.17,120773,57.87,57.87,124325,59.57,59.57,127877,61.27,61.27,131429,62.98,62.98,134981,64.68,64.68,138533,66.38,66.38
HAR,15,125352,60.06,60.06,129530,62.07,62.07,133709,64.07,64.07,137887,66.07,66.07,142066,68.07,68.07,146244,70.07,70.07,150423,72.08,72.08,154601,74.08,74.08,155500,74.51,74.51,155500,74.51,74.51
HI,1,20742,9.94,14.91,21436,10.27,15.41,22125,10.60,15.90,22811,10.93,16.40,23501,11.26,16.89,23907,11.46,17.19,24588,11.78,17.67,25276,12.11,18.17,25302,12.12,18.18,25946,12.43,18.65
HI,2,23322,11.17,16.76,23876,11.44,17.16,24648,11.81,17.72,25302,12.12,18.18,25587,12.26,18.39,26339,12.62,18.93,27092,12.98,19.47,27845,13.34,20.01,28597,13.70,20.55,29350,14.06,21.09
HI,3,25446,12.19,18.29,26294,12.60,18.90,27142,13.01,19.52,27990,13.41,20.12,28839,13.82,20.73,29687,14.22,21.33,30535,14.63,21.95,31383,15.04,22.56,32231,15.44,23.16,33080,15.85,23.78
HI,4,28566,13.69,20.54,29518,14.14,21.21,30470,14.60,21.90,31422,15.06,22.59,32373,15.51,23.27,33325,15.97,23.96,34277,16.42,24.63,35229,16.88,25.32,36181,17.34,26.01,37133,17.79,26.69
HI,5,31960,15.31,22.97,33025,15.82,23.73,34090,16.33,24.50,35155,16.84,25.26,36219,17.35,26.03,37284,17.86,26.79,38349,18.38,27.57,39414,18.89,28.34,40479,19.40,29.10,41544,19.91,29.87
HI,6,35625,17.07,25.61,36812,17.64,26.46,38000,18.21,27.32,39187,18.78,28.17,40374,19.35,29.03,41561,19.91,29.87,42749,20.48,30.72,43936,21.05,31.58,45123,21.62,32.43,46310,22.19,33.29
HI,7,39589,18.97,28.46,40909,19.60,29.40,42229,20.23,30.35,43549,20.87,31.31,44869,21.50,32.25,46189,22.13,33.20,47509,22.76,34.14,48829,23.40,35.10,50149,24.03,36.05,51469,24.66,36.99
HI,8,43844,21.01,31.52,45305,21.71,32.57,46766,22.41,33.62,48227,23.11,34.67,49688,23.81,35.72,51149,24.51,36.77,52610,25.21,37.82,54071,25.91,38.33,55532,26.61,38.33,56993,27.31,38.33
HI,9,48425,23.20,34.80,50039,23.98,35.97,51652,24.75,37.13,53266,25.52,38.28,54880,26.30,38.33,56493,27.07,38.33,58107,27.84,38.33,59721,28.62,38.33,61334,29.39,38.33,62948,30.16,38.33
HI,10,53328,25.55,38.33,55106,26.40,38.33,56884,27.26,38.33,58662,28.11,38.33,60440,28.96,38.33,62218,29.81,38.33,63995,30.66,38.33,65773,31.52,38.33,67551,32.37,38.33,69329,33.22,38.33
HI,11,58589,28.07,38.33,60542,29.01,38.33,62495,29.94,38.33,64448,30.88,38.33,66400,31.82,38.33,68353,32.75,38.33,70306,33.69,38.33,72258,34.62,38.33,74211,35.56,38.33,76164,36.49,38.33
HI,12,70225,33.65,38.33,72566,34.77,38.33,74907,35.89,38.33,77247,37.01,38.33,79588,38.14,38.33,81929,39.26,39.26,84269,40.38,40.38,86610,41.50,41.50,88951,42.62,42.62,91291,43.74,43.74
HI,13,83507,40.01,40.01,86291,41.35,41.35,89074,42.68,42.68,91858,44.01,44.01,94641,45.35,45.35,97424,46.68,46.68,100208,48.02,48.02,102991,49.35,49.35,105775,50.68,50.68,108558,52.02,52.02
HI,14,98680,47.28,47.28,101970,48.86,48.86,105259,50.44,50.44,108548,52.01,52.01,111837,53.59,53.59,115126,55.16,55.16,118415,56.74,56.74,121704,58.32,58.32,124993,59.89,59.89,128282,61.47,61.47
HI,15,116077,55.62,55.62,119946,57.47,57.47,123815,59.33,59.33,127684,61.18,61.18,131554,63.03,63.03,135423,64.89,64.89,139292,66.74,66.74,143162,68.60,68.60,147031,70.45,70.45,150900,72.30,72.30
HNT,1,20655,9.90,14.85,21345,10.23,15.35,22032,10.56,15.84,22716,10.88,16.32,23402,11.21,16.82,23806,11.41,17.12,24485,11.73,17.60,25169,12.06,18.09,25196,12.07,18.11,25836,12.38,18.57
HNT,2,23224,11.13,16.70,23776,11.39,17.09,24544,11.76,17.64,25196,12.07,18.11,25479,12.21,18.32,26229,12.57,18.86,26978,12.93,19.40,27728,13.29,19.94,28477,13.64,20.46,29227,14.00,21.00
HNT,3,25339,12.14,18.21,26183,12.55,18.83,27028,12.95,19.43,27873,13.36,20.04,28717,13.76,20.64,29562,14.16,21.24,30407,14.57,21.86,31251,14.97,22.46,32096,15.38,23.07,32940,15.78,23.67
HNT,4,28446,13.63,20.45,29394,14.08,21.12,30342,14.54,21.81,31289,14.99,22.49,32237,15.45,23.18,33185,15.90,23.85,34133,16.36,24.54,35081,16.81,25.22,36029,17.26,25.89,36977,17.72,26.58
HNT,5,31825,15.25,22.88,32886,15.76,23.64,33946,16.27,24.41,35007,16.77,25.16,36067,17.28,25.92,37128,17.79,26.69,38188,18.30,27.45,39248,18.81,28.22,40309,19.31,28.97,41369,19.82,29.73
HNT,6,35475,17.00,25.50,36658,17.56,26.34,37840,18.13,27.20,39022,18.70,28.05,40204,19.26,28.89,41387,19.83,29.75,42569,20.40,30.60,43751,20.96,31.44,44933,21.53,32.30,46116,22.10,33.15
HNT,7,39422,18.89,28.34,40737,19.52,29.28,42051,20.15,30.23,43366,20.78,31.17,44680,21.41,32.12,45995,22.04,33.06,47309,22.67,34.01,48624,23.30,34.95,49938,23.93,35.90,51253,24.56,36.84
HNT,8,43659,20.92,31.38,45114,21.62,32.43,46569,22.31,33.47,48024,23.01,34.52,49479,23.71,35.57,50934,24.41,36.62,52389,25.10,37.65,53844,25.80,38.18,55299,26.50,38.18,56754,27.19,38.18
HNT,9,48221,23.11,34.67,49828,23.88,35.82,51435,24.65,36.98,53042,25.42,38.13,54649,26.19,38.18,56256,26.96,38.18,57863,27.73,38.18,59470,28.50,38.18,61076,29.26,38.18,62683,30.03,38.18
HNT,10,53104,25.45,38.18,54874,26.29,38.18,56644,27.14,38.18,58415,27.99,38.18,60185,28.84,38.18,61956,29.69,38.18,63726,30.53,38.18,65497,31.38,38.18,67267,32.23,38.18,69038,33.08,38.18
HNT,11,58343,27.96,38.18,60287,28.89,38.18,62232,29.82,38.18,64176,30.75,38.18,66121,31.68,38.18,68065,32.61,38.18,70010,33.55,38.18,71954,34.48,38.18,73899,35.41,38.18,75843,36.34,38.18
HNT,12,69930,33.51,38.18,72261,34.62,38.18,74592,35.74,38.18,76922,36.86,38.18,79253,37.97,38.18,81584,39.09,39.09,83915,40.21,40.21,86246,41.33,41.33,88577,42.44,42.44,90907,43.56,43.56
HNT,13,83156,39.84,39.84,85928,41.17,41.17,88700,42.50,42.50,91471,43.83,43.83,94243,45.16,45.16,97015,46.49,46.49,99786,47.81,47.81,102558,49.14,49.14,105330,50.47,50.47,108102,51.80,51.80
HNT,14,98265,47.08,47.08,101541,48.65,48.65,104816,50.22,50.22,108091,51.79,51.79,111366,53.36,53.36,114642,54.93,54.93,117917,56.50,56.50,121192,58.07,58.07,124467,59.64,59.64,127743,61.21,61.21
HNT,15,115588,55.38,55.38,119441,57.23,57.23,123294,59.08,59.08,127147,60.92,60.92,131001,62.77,62.77,134854,64.62,64.62,138707,66.46,66.46,142560,68.31,68.31,146413,70.15,70.15,150266,72.00,72.00
HOU,1,22914,10.98,16.47,23680,11.35,17.03,24442,11.71,17.57,25200,12.07,18.11,25962,12.44,18.66,26410,12.65,18.98,27163,13.02,19.53,27922,13.38,20.07,27952,13.39,20.09,28662,13.73,20.60
HOU,2,25764,12.34,18.51,26377,12.64,18.96,27229,13.05,19.58,27952,13.39,20.09,28266,13.54,20.31,29097,13.94,20.91,29929,14.34,21.51,30760,14.74,22.11,31592,15.14,22.71,32423,15.54,23.31
HOU,3,28110,13.47,20.21,29047,13.92,20.88,29984,14.37,21.56,30921,14.82,22.23,31858,15.26,22.89,32795,15.71,23.57,33732,16.16,24.24,34669,16.61,24.92,35606,17.06,25.59,36543,17.51,26.27
HOU,4,31557,15.12,22.68,32609,15.62,23.43,33660,16.13,24.20,34712,16.63,24.95,35763,17.14,25.71,36815,17.64,26.46,37866,18.14,27.21,38918,18.65,27.98,39970,19.15,28.73,41021,19.66,29.49
HOU,5,35306,16.92,25.38,36483,17.48,26.22,37659,18.04,27.06,38836,18.61,27.92,40012,19.17,28.76,41188,19.74,29.61,42365,20.30,30.45,43541,20.86,31.29,44718,21.43,32.15,45894,21.99,32.99
HOU,6,39356,18.86,28.29,40667,19.49,29.24,41979,20.11,30.17,43290,20.74,31.11,44602,21.37,32.06,45913,22.00,33.00,47225,22.63,33.95,48537,23.26,34.89,49848,23.89,35.84,51160,24.51,36.77
HOU,7,43734,20.96,31.44,45193,21.65,32.48,46651,22.35,33.53,48109,23.05,34.58,49568,23.75,35.63,51026,24.45,36.68,52484,25.15,37.73,53942,25.85,38.78,55401,26.55,39.83,56859,27.24,40.86
HOU,8,48435,23.21,34.82,50049,23.98,35.97,51663,24.75,37.13,53277,25.53,38.30,54891,26.30,39.45,56505,27.07,40.61,58119,27.85,41.78,59733,28.62,42.35,61347,29.39,42.35,62961,30.17,42.35
HOU,9,53496,25.63,38.45,55278,26.49,39.74,57061,27.34,41.01,58844,28.20,42.30,60626,29.05,42.35,62409,29.90,42.35,64192,30.76,42.35,65974,31.61,42.35,67757,32.47,42.35,69539,33.32,42.35
HOU,10,58912,28.23,42.35,60876,29.17,42.35,62840,30.11,42.35,64804,31.05,42.35,66768,31.99,42.35,68732,32.93,42.35,70697,33.87,42.35,72661,34.82,42.35,74625,35.76,42.35,76589,36.70,42.35
HOU,11,64724,31.01,42.35,66882,32.05,42.35,69039,33.08,42.35,71196,34.11,42.35,73353,35.15,42.35,75510,36.18,42.35,77667,37.21,42.35,79825,38.25,42.35,81982,39.28,42.35,84139,40.32,42.35
HOU,12,77579,37.17,42.35,80164,38.41,42.35,82750,39.65,42.35,85336,40.89,42.35,87922,42.13,42.35,90508,43.37,43.37,93093,44.61,44.61,95679,45.85,45.85,98265,47.08,47.08,100851,48.32,48.32
HOU,13,92252,44.20,44.20,95326,45.68,45.68,98401,47.15,47.15,101476,48.62,48.62,104551,50.10,50.10,107626,51.57,51.57,110701,53.04,53.04,113776,54.52,54.52,116851,55.99,55.99,119926,57.46,57.46
HOU,14,109014,52.23,52.23,112647,53.98,53.98,116280,55.72,55.72,119914,57.46,57.46,123547,59.20,59.20,127181,60.94,60.94,130814,62.68,62.68,134448,64.42,64.42,138081,66.16,66.16,141715,67.90,67.90
HOU,15,128231,61.44,61.44,132506,63.49,63.49,136780,65.54,65.54,141055,67.59,67.59,145329,69.64,69.64,149603,71.68,71.68,153878,73.73,73.73,155500,74.51,74.51,155500,74.51,74.51,155500,74.51,74.51
IND,1,20416,9.78,14.67,21099,10.11,15.17,21778,10.44,15.66,22453,10.76,16.14,23132,11.08,16.62,23531,11.28,16.92,24202,11.60,17.40,24879,11.92,17.88,24905,11.93,17.90,25538,12.24,18.36
IND,2,22955,11.00,16.50,23501,11.26,16.89,24261,11.62,17.43,24905,11.93,17.90,25185,12.07,18.11,25926,12.42,18.63,26667,12.78,19.17,27407,13.13,19.70,28148,13.49,20.24,28889,13.84,20.76
IND,3,25046,12.00,18.00,25881,12.40,18.60,26716,12.80,19.20,27551,13.20,19.80,28386,13.60,20.40,29220,14.00,21.00,30055,14.40,21.60,30890,14.80,22.20,31725,15.20,22.80,32560,15.60,23.40
IND,4,28117,13.47,20.21,29054,13.92,20.88,29991,14.37,21.56,30928,14.82,22.23,31865,15.27,22.91,32802,15.72,23.58,33739,16.17,24.26,34676,16.62,24.93,35613,17.06,25.59,36550,17.51,26.27
IND,5,31458,15.07,22.61,32506,15.58,23.37,33554,16.08,24.12,34602,16.58,24.87,35651,17.08,25.62,36699,17.58,26.37,37747,18.09,27.14,38795,18.59,27.89,39843,19.09,28.64,40891,19.59,29.39
IND,6,35066,16.80,25.20,36234,17.36,26.04,37403,17.92,26.88,38571,18.48,27.72,39740,19.04,28.56,40909,19.60,29.40,42077,20.16,30.24,43246,20.72,31.08,44414,21.28,31.92,45583,21.84,32.76
IND,7,38967,18.67,28.01,40266,19.29,28.94,41566,19.92,29.88,42865,20.54,30.81,44164,21.16,31.74,45464,21.78,32.67,46763,22.41,33.62,48062,23.03,34.55,49362,23.65,35.48,50661,24.27,36.41
IND,8,43155,20.68,31.02,44593,21.37,32.06,46031,22.06,33.09,47469,22.75,34.13,48908,23.43,35.15,50346,24.12,36.18,51784,24.81,37.22,53222,25.50,37.73,54660,26.19,37.73,56098,26.88,37.73
IND,9,47664,22.84,34.26,49253,23.60,35.40,50841,24.36,36.54,52429,25.12,37.68,54018,25.88,37.73,55606,26.64,37.73,57194,27.40,37.73,58783,28.17,37.73,60371,28.93,37.73,61959,29.69,37.73
IND,10,52490,25.15,37.73,54240,25.99,37.73,55990,26.83,37.73,57740,27.67,37.73,59490,28.51,37.73,61240,29.34,37.73,62990,30.18,37.73,64740,31.02,37.73,66490,31.86,37.73,68240,32.70,37.73
IND,11,57669,27.63,37.73,59591,28.55,37.73,61513,29.47,37.73,63435,30.40,37.73,65357,31.32,37.73,67279,32.24,37.73,69201,33.16,37.73,71123,34.08,37.73,73045,35.00,37.73,74967,35.92,37.73
IND,12,69122,33.12,37.73,71426,34.22,37.73,73730,35.33,37.73,76034,36.43,37.73,78338,37.54,37.73,80642,38.64,38.64,82946,39.74,39.74,85250,40.85,40.85,87554,41.95,41.95,89858,43.06,43.06
IND,13,82196,39.38,39.38,84935,40.70,40.70,87675,42.01,42.01,90415,43.32,43.32,93155,44.64,44.64,95894,45.95,45.95,98634,47.26,47.26,101374,48.57,48.57,104113,49.89,49.89,106853,51.20,51.20
IND,14,97131,46.54,46.54,100368,48.09,48.09,103605,49.64,49.64,106843,51.19,51.19,110080,52.75,52.75,113318,54.30,54.30,116555,55.85,55.85,119792,57.40,57.40,123030,58.95,58.95,126267,60.50,60.50
IND,15,114253,54.75,54.75,118062,56.57,56.57,121870,58.39,58.39,125679,60.22,60.22,129487,62.04,62.04,133296,63.87,63.87,137105,65.69,65.69,140913,67.52,67.52,144722,69.34,69.34,148530,71.17,71.17
LA,1,22638,10.85,16.28,23395,11.21,16.82,24148,11.57,17.36,24897,11.93,17.90,25649,12.29,18.44,26092,12.50,18.75,26836,12.86,19.29,27586,13.22,19.83,27615,13.23,19.85,28317,13.57,20.36
LA,2,25454,12.20,18.30,26059,12.49,18.74,26901,12.89,19.34,27615,13.23,19.85,27926,13.38,20.07,28747,13.77,20.66,29569,14.17,21.26,30390,14.56,21.84,31211,14.95,22.43,32033,15.35,23.03
LA,3,27772,13.31,19.97,28697,13.75,20.63,29623,14.19,21.29,30549,14.64,21.96,31475,15.08,22.62,32400,15.52,23.28,33326,15.97,23.96,34252,16.41,24.62,35178,16.86,25.29,36103,17.30,25.95
LA,4,31177,14.94,22.41,32216,15.44,23.16,33255,15.93,23.90,34294,16.43,24.65,35333,16.93,25.40,36372,17.43,26.15,37410,17.93,26.90,38449,18.42,27.63,39488,18.92,28.38,40527,19.42,29.13
LA,5,34881,16.71,25.07,36044,17.27,25.91,37206,17.83,26.75,38368,18.38,27.57,39530,18.94,28.41,40692,19.50,29.25,41855,20.06,30.09,43017,20.61,30.92,44179,21.17,31.76,45341,21.73,32.60
LA,6,38882,18.63,27.95,40177,19.25,28.88,41473,19.87,29.81,42769,20.49,30.74,44065,21.11,31.67,45361,21.74,32.61,46656,22.36,33.54,47952,22.98,34.47,49248,23.60,35.40,50544,24.22,36.33
LA,7,43208,20.70,31.05,44648,21.39,32.09,46089,22.08,33.12,47530,22.77,34.16,48971,23.46,35.19,50411,24.15,36.23,51852,24.85,37.28,53293,25.54,38.31,54733,26.23,39.35,56174,26.92,40.38
LA,8,47852,22.93,34.40,49446,23.69,35.54,51041,24.46,36.69,52635,25.22,37.83,54230,25.98,38.97,55825,26.75,40.13,57419,27.51,41.27,59014,28.28,41.84,60608,29.04,41.84,62203,29.80,41.84
LA,9,52852,25.32,37.98,54613,26.17,39.26,56374,27.01,40.52,58135,27.86,41.79,59896,28.70,41.84,61657,29.54,41.84,63419,30.39,41.84,65180,31.23,41.84,66941,32.08,41.84,68702,32.92,41.84
LA,10,58202,27.89,41.84,60143,28.82,41.84,62083,29.75,41.84,64024,30.68,41.84,65964,31.61,41.84,67905,32.54,41.84,69845,33.47,41.84,71786,34.40,41.84,73726,35.33,41.84,75667,36.26,41.84
LA,11,63945,30.64,41.84,66076,31.66,41.84,68207,32.68,41.84,70339,33.70,41.84,72470,34.72,41.84,74601,35.75,41.84,76732,36.77,41.84,78863,37.79,41.84,80995,38.81,41.84,83126,39.83,41.84
LA,12,76644,36.72,41.84,79199,37.95,41.84,81754,39.17,41.84,84308,40.40,41.84,86863,41.62,41.84,89418,42.85,42.85,91972,44.07,44.07,94527,45.29,45.29,97082,46.52,46.52,99636,47.74,47.74
LA,13,91141,43.67,43.67,94179,45.13,45.13,97216,46.58,46.58,100254,48.04,48.04,103292,49.49,49.49,106330,50.95,50.95,109368,52.40,52.40,112406,53.86,53.86,115443,55.32,55.32,118481,56.77,56.77
LA,14,107701,51.61,51.61,111290,53.33,53.33,114880,55.05,55.05,118470,56.77,56.77,122060,58.49,58.49,125649,60.21,60.21,129239,61.93,61.93,132829,63.65,63.65,136419,65.37,65.37,140008,67.09,67.09
LA,15,126687,60.70,60.70,130910,62.73,62.73,135133,64.75,64.75,139356,66.77,66.77,143579,68.80,68.80,147802,70.82,70.82,152025,72.84,72.84,155500,74.51,74.51,155500,74.51,74.51,155500,74.51,74.51
MFL,1,21504,10.30,15.45,22223,10.65,15.98,22938,10.99,16.49,23649,11.33,17.00,24365,11.67,17.51,24785,11.88,17.82,25492,12.21,18.32,26204,12.56,18.84,26232,12.57,18.86,26899,12.89,19.34
MFL,2,24179,11.59,17.39,24753,11.86,17.79,25553,12.24,18.36,26232,12.57,18.86,26527,12.71,19.07,27307,13.08,19.62,28087,13.46,20.19,28868,13.83,20.75,29648,14.21,21.32,30428,14.58,21.87
MFL,3,26381,12.64,18.96,27260,13.06,19.59,28139,13.48,20.22,29019,13.90,20.85,29898,14.33,21.50,30777,14.75,22.13,31657,15.17,22.76,32536,15.59,23.39,33415,16.01,24.02,34295,16.43,24.65
MFL,4,29615,14.19,21.29,30602,14.66,21.99,31589,15.14,22.71,32576,15.61,23.42,33563,16.08,24.12,34550,16.55,24.83,35536,17.03,25.55,36523,17.50,26.25,37510,17.97,26.96,38497,18.45,27.68
MFL,5,33134,15.88,23.82,34238,16.41,24.62,35342,16.93,25.40,36446,17.46,26.19,37550,17.99,26.99,38654,18.52,27.78,39758,19.05,28.58,40862,19.58,29.37,41966,20.11,30.17,43070,20.64,30.96
MFL,6,36934,17.70,26.55,38165,18.29,27.44,39396,18.88,28.32,40627,19.47,29.21,41857,20.06,30.09,43088,20.65,30.98,44319,21.24,31.86,45550,21.83,32.75,46781,22.42,33.63,48012,23.01,34.52
MFL,7,41043,19.67,29.51,42412,20.32,30.48,43780,20.98,31.47,45149,21.63,32.45,46517,22.29,33.44,47886,22.94,34.41,49255,23.60,35.40,50623,24.26,36.39,51992,24.91,37.37,53360,25.57,38.36
MFL,8,45454,21.78,32.67,46969,22.51,33.77,48484,23.23,34.85,49999,23.96,35.94,51513,24.68,37.02,53028,25.41,38.12,54543,26.13,39.20,56057,26.86,39.74,57572,27.59,39.74,59087,28.31,39.74
MFL,9,50204,24.06,36.09,51877,24.86,37.29,53550,25.66,38.49,55223,26.46,39.69,56896,27.26,39.74,58569,28.06,39.74,60242,28.87,39.74,61915,29.67,39.74,63587,30.47,39.74,65260,31.27,39.74
MFL,10,55287,26.49,39.74,57130,27.37,39.74,58973,28.26,39.74,60817,29.14,39.74,62660,30.02,39.74,64503,30.91,39.74,66346,31.79,39.74,68190,32.67,39.74,70033,33.56,39.74,71876,34.44,39.74
MFL,11,60742,29.10,39.74,62766,30.07,39.74,64791,31.05,39.74,66815,32.01,39.74,68839,32.98,39.74,70864,33.95,39.74,72888,34.92,39.74,74913,35.90,39.74,76937,36.86,39.74,78962,37.84,39.74
MFL,12,72805,34.89,39.74,75232,36.05,39.74,77658,37.21,39.74,80085,38.37,39.74,82512,39.54,39.74,84938,40.70,40.70,87365,41.86,41.86,89792,43.02,43.02,92218,44.19,44.19,94645,45.35,45.35
MFL,13,86575,41.48,41.48,89461,42.87,42.87,92346,44.25,44.25,95232,45.63,45.63,98118,47.01,47.01,101003,48.40,48.40,103889,49.78,49.78,106775,51.16,51.16,109660,52.54,52.54,112546,53.93,53.93
MFL,14,102306,49.02,49.02,105715,50.65,50.65,109125,52.29,52.29,112535,53.92,53.92,115945,55.56,55.56,119355,57.19,57.19,122765,58.82,58.82,126175,60.46,60.46,129585,62.09,62.09,132995,63.73,63.73
MFL,15,120341,57.66,57.66,124352,59.58,59.58,128364,61.51,61.51,132375,63.43,63.43,136386,65.35,65.35,140398,67.27,67.27,144409,69.19,69.19,148421,71.12,71.12,152432,73.04,73.04,155500,74.51,74.51
MIL,1,21025,10.07,15.11,21728,10.41,15.62,22427,10.75,16.13,23123,11.08,16.62,23822,11.41,17.12,24233,11.61,17.42,24924,11.94,17.91,25621,12.28,18.42,25648,12.29,18.44,26300,12.60,18.90
MIL,2,23640,11.33,17.00,24202,11.60,17.40,24984,11.97,17.96,25648,12.29,18.44,25936,12.43,18.65,26699,12.79,19.19,27462,13.16,19.74,28225,13.52,20.28,28988,13.89,20.84,29751,14.26,21.39
MIL,3,25793,12.36,18.54,26653,12.77,19.16,27513,13.18,19.77,28372,13.59,20.39,29232,14.01,21.02,30092,14.42,21.63,30952,14.83,22.25,31811,15.24,22.86,32671,15.65,23.48,33531,16.07,24.11
MIL,4,28956,13.87,20.81,29921,14.34,21.51,30886,14.80,22.20,31850,15.26,22.89,32815,15.72,23.58,33780,16.19,24.29,34745,16.65,24.98,35710,17.11,25.67,36675,17.57,26.36,37640,18.04,27.06
MIL,5,32396,15.52,23.28,33475,16.04,24.06,34555,16.56,24.84,35634,17.07,25.61,36714,17.59,26.39,37793,18.11,27.17,38873,18.63,27.95,39952,19.14,28.71,41031,19.66,29.49,42111,20.18,30.27
MIL,6,36111,17.30,25.95,37315,17.88,26.82,38518,18.46,27.69,39722,19.03,28.55,40925,19.61,29.42,42129,20.19,30.29,43332,20.76,31.14,44536,21.34,32.01,45739,21.92,32.88,46942,22.49,33.74
MIL,7,40129,19.23,28.85,41467,19.87,29.81,42805,20.51,30.77,44143,21.15,31.73,45481,21.79,32.69,46820,22.43,33.65,48158,23.08,34.62,49496,23.72,35.58,50834,24.36,36.54,52172,25.00,37.50
MIL,8,44442,21.29,31.94,45923,22.00,33.00,47404,22.71,34.07,48885,23.42,35.13,50366,24.13,36.20,51847,24.84,37.26,53328,25.55,38.33,54809,26.26,38.85,56290,26.97,38.85,57771,27.68,38.85
MIL,9,49086,23.52,35.28,50722,24.30,36.45,52357,25.09,37.64,53993,25.87,38.81,55629,26.66,38.85,57264,27.44,38.85,58900,28.22,38.85,60536,29.01,38.85,62171,29.79,38.85,63807,30.57,38.85
MIL,10,54056,25.90,38.85,55858,26.76,38.85,57660,27.63,38.85,59462,28.49,38.85,61264,29.36,38.85,63067,30.22,38.85,64869,31.08,38.85,66671,31.95,38.85,68473,32.81,38.85,70275,33.67,38.85
MIL,11,59389,28.46,38.85,61368,29.40,38.85,63348,30.35,38.85,65327,31.30,38.85,67306,32.25,38.85,69286,33.20,38.85,71265,34.15,38.85,73244,35.10,38.85,75224,36.04,38.85,77203,36.99,38.85
MIL,12,71184,34.11,38.85,73556,35.24,38.85,75929,36.38,38.85,78301,37.52,38.85,80674,38.66,38.85,83047,39.79,39.79,85419,40.93,40.93,87792,42.07,42.07,90165,43.20,43.20,92537,44.34,44.34
MIL,13,84647,40.56,40.56,87468,41.91,41.91,90290,43.26,43.26,93111,44.61,44.61,95933,45.97,45.97,98754,47.32,47.32,101575,48.67,48.67,104397,50.02,50.02,107218,51.37,51.37,110040,52.73,52.73
MIL,14,100027,47.93,47.93,103361,49.53,49.53,106695,51.12,51.12,110029,52.72,52.72,113363,54.32,54.32,116697,55.92,55.92,120031,57.51,57.51,123365,59.11,59.11,126699,60.71,60.71,130033,62.31,62.31
MIL,15,117661,56.38,56.38,121583,58.26,58.26,125505,60.14,60.14,129427,62.02,62.02,133349,63.90,63.90,137271,65.77,65.77,141193,67.65,67.65,145115,69.53,69.53,149037,71.41,71.41,152960,73.29,73.29
MSP,1,21535,10.32,15.48,22254,10.66,15.99,22970,11.01,16.52,23683,11.35,17.03,24399,11.69,17.54,24820,11.89,17.84,25527,12.23,18.35,26241,12.57,18.86,26269,12.59,18.89,26937,12.91,19.37
MSP,2,24213,11.60,17.40,24788,11.88,17.82,25589,12.26,18.39,26269,12.59,18.89,26564,12.73,19.10,27345,13.10,19.65,28127,13.48,20.22,28908,13.85,20.78,29690,14.23,21.35,30471,14.60,21.90
MSP,3,26418,12.66,18.99,27298,13.08,19.62,28179,13.50,20.25,29059,13.92,20.88,29940,14.35,21.53,30821,14.77,22.16,31701,15.19,22.79,32582,15.61,23.42,33462,16.03,24.05,34343,16.46,24.69
MSP,4,29657,14.21,21.32,30645,14.68,22.02,31633,15.16,22.74,32622,15.63,23.45,33610,16.10,24.15,34598,16.58,24.87,35586,17.05,25.58,36575,17.53,26.30,37563,18.00,27.00,38551,18.47,27.71
MSP,5,33181,15.90,23.85,34286,16.43,24.65,35392,16.96,25.44,36497,17.49,26.24,37603,18.02,27.03,38708,18.55,27.83,39814,19.08,28.62,40920,19.61,29.42,42025,20.14,30.21,43131,20.67,31.01
MSP,6,36986,17.72,26.58,38219,18.31,27.47,39451,18.90,28.35,40684,19.49,29.24,41916,20.08,30.12,43149,20.68,31.02,44381,21.27,31.91,45614,21.86,32.79,46847,22.45,33.68,48079,23.04,34.56
MSP,7,41101,19.69,29.54,42471,20.35,30.53,43842,21.01,31.52,45212,21.66,32.49,46583,22.32,33.48,47953,22.98,34.47,49324,23.63,35.45,50694,24.29,36.44,52065,24.95,37.43,53435,25.60,38.40
MSP,8,45518,21.81,32.72,47035,22.54,33.81,48552,23.26,34.89,50069,23.99,35.99,51586,24.72,37.08,53103,25.44,38.16,54619,26.17,39.26,56136,26.90,39.80,57653,27.62,39.80,59170,28.35,39.80
MSP,9,50275,24.09,36.14,51950,24.89,37.34,53625,25.69,38.54,55300,26.50,39.75,56976,27.30,39.80,58651,28.10,39.80,60326,28.91,39.80,62002,29.71,39.80,63677,30.51,39.80,65352,31.31,39.80
MSP,10,55365,26.53,39.80,57210,27.41,39.80,59056,28.30,39.80,60902,29.18,39.80,62748,30.07,39.80,64594,30.95,39.80,66440,31.84,39.80,68286,32.72,39.80,70131,33.60,39.80,71977,34.49,39.80
MSP,11,60827,29.15,39.80,62854,30.12,39.80,64882,31.09,39.80,66909,32.06,39.80,68936,33.03,39.80,70964,34.00,39.80,72991,34.97,39.80,75018,35.95,39.80,77045,36.92,39.80,79073,37.89,39.80
MSP,12,72907,34.93,39.80,75338,36.10,39.80,77768,37.26,39.80,80198,38.43,39.80,82628,39.59,39.80,85058,40.76,40.76,87488,41.92,41.92,89918,43.08,43.08,92348,44.25,44.25,94778,45.41,45.41
MSP,13,86697,41.54,41.54,89587,42.93,42.93,92476,44.31,44.31,95366,45.70,45.70,98256,47.08,47.08,101146,48.46,48.46,104035,49.85,49.85,106925,51.23,51.23,109815,52.62,52.62,112704,54.00,54.00
MSP,14,102449,49.09,49.09,105864,50.73,50.73,109279,52.36,52.36,112694,54.00,54.00,116108,55.63,55.63,119523,57.27,57.27,122938,58.91,58.91,126352,60.54,60.54,129767,62.18,62.18,133182,63.82,63.82
MSP,15,120510,57.74,57.74,124527,59.67,59.67,128544,61.59,61.59,132561,63.52,63.52,136578,65.44,65.44,140595,67.37,67.37,144613,69.29,69.29,148630,71.22,71.22,152647,73.14,73.14,155500,74.51,74.51
NY,1,22916,10.98,16.47,23682,11.35,17.03,24444,11.71,17.57,25202,12.08,18.12,25964,12.44,18.66,26412,12.66,18.99,27165,13.02,19.53,27925,13.38,20.07,27954,13.39,20.09,28665,13.74,20.61
NY,2,25766,12.35,18.53,26379,12.64,18.96,27231,13.05,19.58,27954,13.39,20.09,28268,13.54,20.31,29100,13.94,20.91,29931,14.34,21.51,30763,14.74,22.11,31594,15.14,22.71,32426,15.54,23.31
NY,3,28112,13.47,20.21,29050,13.92,20.88,29987,14.37,21.56,30924,14.82,22.23,31861,15.27,22.91,32798,15.72,23.58,33735,16.16,24.24,34672,16.61,24.92,35609,17.06,25.59,36546,17.51,26.27
NY,4,31560,15.12,22.68,32611,15.63,23.45,33663,16.13,24.20,34714,16.63,24.95,35766,17.14,25.71,36818,17.64,26.46,37869,18.15,27.23,38921,18.65,27.98,39973,19.15,28.73,41024,19.66,29.49
NY,5,35309,16.92,25.38,36486,17.48,26.22,37662,18.05,27.08,38839,18.61,27.92,40015,19.17,28.76,41192,19.74,29.61,42368,20.30,30.45,43545,20.86,31.29,44721,21.43,32.15,45898,21.99,32.99
NY,6,39359,18.86,28.29,40670,19.49,29.24,41982,20.12,30.18,43294,20.74,31.11,44605,21.37,32.06,45917,22.00,33.00,47229,22.63,33.95,48540,23.26,34.89,49852,23.89,35.84,51164,24.52,36.78
NY,7,43738,20.96,31.44,45196,21.66,32.49,46655,22.36,33.54,48113,23.05,34.58,49571,23.75,35.63,51030,24.45,36.68,52488,25.15,37.73,53947,25.85,38.78,55405,26.55,39.83,56863,27.25,40.88
NY,8,48439,23.21,34.82,50053,23.98,35.97,51667,24.76,37.14,53281,25.53,38.30,54895,26.30,39.45,56509,27.08,40.62,58124,27.85,41.78,59738,28.62,42.35,61352,29.40,42.35,62966,30.17,42.35
NY,9,53500,25.63,38.45,55283,26.49,39.74,57065,27.34,41.01,58848,28.20,42.30,60631,29.05,42.35,62414,29.91,42.35,64197,30.76,42.35,65979,31.61,42.35,67762,32.47,42.35,69545,33.32,42.35
NY,10,58916,28.23,42.35,60881,29.17,42.35,62845,30.11,42.35,64809,31.05,42.35,66774,32.00,42.35,68738,32.94,42.35,70702,33.88,42.35,72666,34.82,42.35,74631,35.76,42.35,76595,36.70,42.35
NY,11,64729,31.02,42.35,66887,32.05,42.35,69044,33.08,42.35,71201,34.12,42.35,73359,35.15,42.35,75516,36.18,42.35,77674,37.22,42.35,79831,38.25,42.35,81988,39.29,42.35,84146,40.32,42.35
NY,12,77585,37.18,42.35,80171,38.41,42.35,82757,39.65,42.35,85343,40.89,42.35,87929,42.13,42.35,90515,43.37,43.37,93101,44.61,44.61,95687,45.85,45.85,98273,47.09,47.09,100859,48.33,48.33
NY,13,92259,44.21,44.21,95334,45.68,45.68,98409,47.15,47.15,101484,48.63,48.63,104559,50.10,50.10,107634,51.57,51.57,110709,53.05,53.05,113785,54.52,54.52,116860,55.99,55.99,119935,57.47,57.47
NY,14,109022,52.24,52.24,112656,53.98,53.98,116290,55.72,55.72,119923,57.46,57.46,123557,59.20,59.20,127191,60.94,60.94,130825,62.69,62.69,134458,64.43,64.43,138092,66.17,66.17,141726,67.91,67.91
NY,15,128241,61.45,61.45,132516,63.50,63.50,136791,65.54,65.54,141066,67.59,67.59,145340,69.64,69.64,149615,71.69,71.69,153890,73.74,73.74,155500,74.51,74.51,155500,74.51,74.51,155500,74.51,74.51
PHL,1,21682,10.39,15.59,22407,10.74,16.11,23128,11.08,16.62,23845,11.43,17.15,24566,11.77,17.66,24990,11.97,17.96,25703,12.32,18.48,26421,12.66,18.99,26449,12.67,19.01,27121,13.00,19.50
PHL,2,24379,11.68,17.52,24958,11.96,17.94,25765,12.35,18.53,26449,12.67,19.01,26746,12.82,19.23,27533,13.19,19.79,28320,13.57,20.36,29107,13.95,20.93,29893,14.32,21.48,30680,14.70,22.05
PHL,3,26599,12.75,19.13,27486,13.17,19.76,28372,13.59,20.39,29259,14.02,21.03,30145,14.44,21.66,31032,14.87,22.31,31919,15.29,22.94,32805,15.72,23.58,33692,16.14,24.21,34579,16.57,24.86
PHL,4,29860,14.31,21.47,30855,14.78,22.17,31851,15.26,22.89,32846,15.74,23.61,33841,16.22,24.33,34836,16.69,25.04,35831,17.17,25.76,36826,17.65,26.48,37821,18.12,27.18,38816,18.60,27.90
PHL,5,33408,16.01,24.02,34521,16.54,24.81,35635,17.07,25.61,36748,17.61,26.42,37861,18.14,27.21,38974,18.67,28.01,40087,19.21,28.82,41200,19.74,29.61,42313,20.27,30.41,43427,20.81,31.22
PHL,6,37240,17.84,26.76,38481,18.44,27.66,39722,19.03,28.55,40963,19.63,29.45,42204,20.22,30.33,43445,20.82,31.23,44686,21.41,32.12,45927,22.01,33.02,47168,22.60,33.90,48409,23.20,34.80
PHL,7,41383,19.83,29.75,42763,20.49,30.74,44143,21.15,31.73,45523,21.81,32.72,46903,22.47,33.71,48282,23.13,34.70,49662,23.80,35.70,51042,24.46,36.69,52422,25.12,37.68,53802,25.78,38.67
PHL,8,45831,21.96,32.94,47358,22.69,34.04,48885,23.42,35.13,50413,24.16,36.24,51940,24.89,37.34,53467,25.62,38.43,54994,26.35,39.53,56522,27.08,40.07,58049,27.81,40.07,59576,28.55,40.07
PHL,9,50620,24.25,36.38,52306,25.06,37.59,53993,25.87,38.81,55680,26.68,40.02,57367,27.49,40.07,59054,28.30,40.07,60740,29.10,40.07,62427,29.91,40.07,64114,30.72,40.07,65801,31.53,40.07
PHL,10,55745,26.71,40.07,57603,27.60,40.07,59462,28.49,40.07,61320,29.38,40.07,63179,30.27,40.07,65037,31.16,40.07,66896,32.05,40.07,68754,32.94,40.07,70613,33.83,40.07,72471,34.72,40.07
PHL,11,61245,29.35,40.07,63286,30.32,40.07,65327,31.30,40.07,67368,32.28,40.07,69409,33.26,40.07,71451,34.24,40.07,73492,35.21,40.07,75533,36.19,40.07,77574,37.17,40.07,79615,38.15,40.07
PHL,12,73408,35.17,40.07,75854,36.35,40.07,78301,37.52,40.07,80748,38.69,40.07,83195,39.86,40.07,85642,41.04,41.04,88088,42.21,42.21,90535,43.38,43.38,92982,44.55,44.55,95429,45.73,45.73
PHL,13,87292,41.83,41.83,90201,43.22,43.22,93111,44.61,44.61,96020,46.01,46.01,98930,47.40,47.40,101840,48.80,48.80,104749,50.19,50.19,107659,51.59,51.59,110568,52.98,52.98,113478,54.37,54.37
PHL,14,103152,49.43,49.43,106591,51.07,51.07,110029,52.72,52.72,113467,54.37,54.37,116905,56.02,56.02,120343,57.66,57.66,123781,59.31,59.31,127219,60.96,60.96,130658,62.61,62.61,134096,64.25,64.25
PHL,15,121337,58.14,58.14,125382,60.08,60.08,129426,62.02,62.02,133471,63.95,63.95,137516,65.89,65.89,141560,67.83,67.83,145605,69.77,69.77,149649,71.71,71.71,153694,73.64,73.64,155500,74.51,74.51
PIT,1,20717,9.93,14.90,21410,10.26,15.39,22099,10.59,15.89,22784,10.92,16.38,23473,11.25,16.88,23878,11.44,17.16,24559,11.77,17.66,25245,12.10,18.15,25272,12.11,18.17,25914,12.42,18.63
PIT,2,23294,11.16,16.74,23848,11.43,17.15,24618,11.80,17.70,25272,12.11,18.17,25556,12.25,18.38,26308,12.61,18.92,27060,12.97,19.46,27811,13.33,20.00,28563,13.69,20.54,29315,14.05,21.08
PIT,3,25415,12.18,18.27,26262,12.58,18.87,27110,12.99,19.49,27957,13.40,20.10,28804,13.80,20.70,29651,14.21,21.32,30498,14.61,21.92,31345,15.02,22.53,32193,15.43,23.15,33040,15.83,23.75
PIT,4,28532,13.67,20.51,29482,14.13,21.20,30433,14.58,21.87,31384,15.04,22.56,32335,15.49,23.24,33285,15.95,23.93,34236,16.40,24.60,35187,16.86,25.29,36138,17.32,25.98,37088,17.77,26.66
PIT,5,31921,15.30,22.95,32985,15.80,23.70,34049,16.31,24.47,35112,16.82,25.23,36176,17.33,26.00,37240,17.84,26.76,38303,18.35,27.53,39367,18.86,28.29,40430,19.37,29.06,41494,19.88,29.82
PIT,6,35582,17.05,25.58,36768,17.62,26.43,37954,18.19,27.29,39140,18.75,28.13,40326,19.32,28.98,41512,19.89,29.84,42697,20.46,30.69,43883,21.03,31.55,45069,21.60,32.40,46255,22.16,33.24
PIT,7,39541,18.95,28.43,40860,19.58,29.37,42178,20.21,30.32,43497,20.84,31.26,44815,21.47,32.21,46134,22.11,33.17,47452,22.74,34.11,48771,23.37,35.06,50089,24.00,36.00,51408,24.63,36.95
PIT,8,43791,20.98,31.47,45250,21.68,32.52,46710,22.38,33.57,48169,23.08,34.62,49628,23.78,35.67,51088,24.48,36.72,52547,25.18,37.77,54006,25.88,38.28,55465,26.58,38.28,56925,27.28,38.28
PIT,9,48367,23.18,34.77,49979,23.95,35.93,51590,24.72,37.08,53202,25.49,38.24,54814,26.26,38.28,56425,27.04,38.28,58037,27.81,38.28,59649,28.58,38.28,61261,29.35,38.28,62872,30.13,38.28
PIT,10,53264,25.52,38.28,55040,26.37,38.28,56815,27.22,38.28,58591,28.07,38.28,60367,28.93,38.28,62143,29.78,38.28,63919,30.63,38.28,65694,31.48,38.28,67470,32.33,38.28,69246,33.18,38.28
PIT,11,58519,28.04,38.28,60469,28.97,38.28,62420,29.91,38.28,64370,30.84,38.28,66320,31.78,38.28,68271,32.71,38.28,70221,33.65,38.28,72172,34.58,38.28,74122,35.52,38.28,76072,36.45,38.28
PIT,12,70141,33.61,38.28,72479,34.73,38.28,74817,35.85,38.28,77154,36.97,38.28,79492,38.09,38.28,81830,39.21,39.21,84168,40.33,40.33,86506,41.45,41.45,88844,42.57,42.57,91182,43.69,43.69
PIT,13,83407,39.97,39.97,86187,41.30,41.30,88967,42.63,42.63,91747,43.96,43.96,94527,45.29,45.29,97307,46.63,46.63,100088,47.96,47.96,102868,49.29,49.29,105648,50.62,50.62,108428,51.95,51.95
PIT,14,98562,47.23,47.23,101847,48.80,48.80,105132,50.37,50.37,108417,51.95,51.95,111702,53.52,53.52,114988,55.10,55.10,118273,56.67,56.67,121558,58.25,58.25,124843,59.82,59.82,128128,61.39,61.39
PIT,15,115937,55.55,55.55,119802,57.40,57.40,123666,59.26,59.26,127531,61.11,61.11,131396,62.96,62.96,135260,64.81,64.81,139125,66.66,66.66,142990,68.51,68.51,146854,70.37,70.37,150719,72.22,72.22
POR,1,21426,10.27,15.41,22142,10.61,15.92,22854,10.95,16.43,23563,11.29,16.94,24276,11.63,17.45,24695,11.83,17.75,25399,12.17,18.26,26109,12.51,18.77,26136,12.52,18.78,26801,12.84,19.26
POR,2,24090,11.54,17.31,24663,11.82,17.73,25460,12.20,18.30,26136,12.52,18.78,26430,12.66,18.99,27208,13.04,19.56,27985,13.41,20.12,28762,13.78,20.67,29540,14.15,21.23,30317,14.53,21.80
POR,3,26284,12.59,18.89,27161,13.01,19.52,28037,13.43,20.15,28913,13.85,20.78,29789,14.27,21.41,30665,14.69,22.04,31541,15.11,22.67,32417,15.53,23.30,33294,15.95,23.93,34170,16.37,24.56
POR,4,29507,14.14,21.21,30491,14.61,21.92,31474,15.08,22.62,32457,15.55,23.33,33440,16.02,24.03,34424,16.49,24.74,35407,16.97,25.46,36390,17.44,26.16,37373,17.91,26.87,38357,18.38,27.57
POR,5,33013,15.82,23.73,34113,16.35,24.53,35213,16.87,25.31,36313,17.40,26.10,37413,17.93,26.90,38513,18.45,27.68,39613,18.98,28.47,40713,19.51,29.27,41813,20.03,30.05,42913,20.56,30.84
POR,6,36799,17.63,26.45,38026,18.22,27.33,39252,18.81,28.22,40479,19.40,29.10,41705,19.98,29.97,42931,20.57,30.86,44158,21.16,31.74,45384,21.75,32.63,46610,22.33,33.50,47837,22.92,34.38
POR,7,40894,19.59,29.39,42257,20.25,30.38,43621,20.90,31.35,44984,21.55,32.33,46348,22.21,33.32,47712,22.86,34.29,49075,23.51,35.27,50439,24.17,36.26,51802,24.82,37.23,53166,25.47,38.21
POR,8,45289,21.70,32.55,46798,22.42,33.63,48307,23.15,34.73,49816,23.87,35.81,51326,24.59,36.89,52835,25.32,37.98,54344,26.04,39.06,55853,26.76,39.59,57362,27.49,39.59,58872,28.21,39.59
POR,9,50021,23.97,35.96,51688,24.77,37.16,53355,25.57,38.36,55022,26.36,39.54,56688,27.16,39.59,58355,27.96,39.59,60022,28.76,39.59,61689,29.56,39.59,63356,30.36,39.59,65023,31.16,39.59
POR,10,55085,26.39,39.59,56922,27.27,39.59,58758,28.15,39.59,60595,29.03,39.59,62432,29.91,39.59,64268,30.79,39.59,66105,31.67,39.59,67941,32.55,39.59,69778,33.43,39.59,71614,34.31,39.59
POR,11,60520,29.00,39.59,62537,29.97,39.59,64555,30.93,39.59,66572,31.90,39.59,68589,32.86,39.59,70606,33.83,39.59,72623,34.80,39.59,74640,35.76,39.59,76657,36.73,39.59,78674,37.70,39.59
POR,12,72540,34.76,39.59,74958,35.92,39.59,77375,37.07,39.59,79793,38.23,39.59,82211,39.39,39.59,84629,40.55,40.55,87047,41.71,41.71,89465,42.87,42.87,91882,44.03,44.03,94300,45.18,45.18
POR,13,86260,41.33,41.33,89135,42.71,42.71,92010,44.09,44.09,94885,45.46,45.46,97760,46.84,46.84,100635,48.22,48.22,103511,49.60,49.60,106386,50.98,50.98,109261,52.35,52.35,112136,53.73,53.73
POR,14,101933,48.84,48.84,105330,50.47,50.47,108728,52.10,52.10,112125,53.73,53.73,115523,55.35,55.35,118920,56.98,56.98,122318,58.61,58.61,125715,60.24,60.24,129113,61.87,61.87,132510,63.49,63.49
POR,15,119902,57.45,57.45,123899,59.37,59.37,127896,61.28,61.28,131893,63.20,63.20,135890,65.11,65.11,139886,67.03,67.03,143883,68.94,68.94,147880,70.86,70.86,151877,72.77,72.77,155500,74.51,74.51
PX,1,20787,9.96,14.94,21482,10.29,15.44,22173,10.62,15.93,22860,10.95,16.43,23552,11.29,16.94,23958,11.48,17.22,24641,11.81,17.72,25330,12.14,18.21,25357,12.15,18.23,26001,12.46,18.69
PX,2,23372,11.20,16.80,23928,11.47,17.21,24701,11.84,17.76,25357,12.15,18.23,25642,12.29,18.44,26396,12.65,18.98,27150,13.01,19.52,27904,13.37,20.06,28659,13.73,20.60,29413,14.09,21.14
PX,3,25500,12.22,18.33,26350,12.63,18.95,27200,13.03,19.55,28050,13.44,20.16,28900,13.85,20.78,29750,14.25,21.38,30600,14.66,21.99,31450,15.07,22.61,32300,15.48,23.22,33150,15.88,23.82
PX,4,28627,13.72,20.58,29581,14.17,21.26,30535,14.63,21.95,31489,15.09,22.64,32443,15.55,23.33,33397,16.00,24.00,34351,16.46,24.69,35305,16.92,25.38,36259,17.37,26.06,37213,17.83,26.75
PX,5,32028,15.35,23.03,33096,15.86,23.79,34163,16.37,24.56,35230,16.88,25.32,36297,17.39,26.09,37364,17.90,26.85,38432,18.41,27.62,39499,18.93,28.40,40566,19.44,29.16,41633,19.95,29.93
PX,6,35702,17.11,25.67,36891,17.68,26.52,38081,18.25,27.38,39271,18.82,28.23,40461,19.39,29.09,41651,19.96,29.94,42840,20.53,30.80,44030,21.10,31.65,45220,21.67,32.51,46410,22.24,33.36
PX,7,39674,19.01,28.52,40997,19.64,29.46,42320,20.28,30.42,43643,20.91,31.37,44965,21.55,32.33,46288,22.18,33.27,47611,22.81,34.22,48934,23.45,35.18,50257,24.08,36.12,51580,24.71,37.07
PX,8,43938,21.05,31.58,45402,21.75,32.63,46866,22.46,33.69,48330,23.16,34.74,49795,23.86,35.79,51259,24.56,36.84,52723,25.26,37.89,54187,25.96,38.42,55651,26.67,38.42,57115,27.37,38.42
PX,9,48529,23.25,34.88,50146,24.03,36.05,51763,24.80,37.20,53380,25.58,38.37,54997,26.35,38.42,56615,27.13,38.42,58232,27.90,38.42,59849,28.68,38.42,61466,29.45,38.42,63083,30.23,38.42
PX,10,53442,25.61,38.42,55224,26.46,38.42,57006,27.31,38.42,58787,28.17,38.42,60569,29.02,38.42,62351,29.88,38.42,64133,30.73,38.42,65915,31.58,38.42,67696,32.44,38.42,69478,33.29,38.42
PX,11,58715,28.13,38.42,60672,29.07,38.42,62629,30.01,38.42,64586,30.95,38.42,66543,31.88,38.42,68500,32.82,38.42,70456,33.76,38.42,72413,34.70,38.42,74370,35.63,38.42,76327,36.57,38.42
PX,12,70376,33.72,38.42,72722,34.85,38.42,75067,35.97,38.42,77413,37.09,38.42,79759,38.22,38.42,82104,39.34,39.34,84450,40.46,40.46,86796,41.59,41.59,89142,42.71,42.71,91487,43.84,43.84
PX,13,83687,40.10,40.10,86476,41.44,41.44,89265,42.77,42.77,92055,44.11,44.11,94844,45.45,45.45,97634,46.78,46.78,100423,48.12,48.12,103212,49.45,49.45,106002,50.79,50.79,108791,52.13,52.13
PX,14,98892,47.38,47.38,102188,48.96,48.96,105484,50.54,50.54,108781,52.12,52.12,112077,53.70,53.70,115373,55.28,55.28,118669,56.86,56.86,121965,58.44,58.44,125261,60.02,60.02,128557,61.60,61.60
PX,15,116326,55.74,55.74,120203,57.60,57.60,124081,59.45,59.45,127958,61.31,61.31,131836,63.17,63.17,135714,65.03,65.03,139591,66.89,66.89,143469,68.74,68.74,147346,70.60,70.60,151224,72.46,72.46
RA,1,20943,10.03,15.05,21643,10.37,15.56,22340,10.70,16.05,23033,11.04,16.56,23729,11.37,17.06,24139,11.57,17.36,24827,11.90,17.85,25521,12.23,18.35,25548,12.24,18.36,26197,12.55,18.83
RA,2,23548,11.28,16.92,24108,11.55,17.33,24887,11.92,17.88,25548,12.24,18.36,25835,12.38,18.57,26595,12.74,19.11,27355,13.11,19.67,28115,13.47,20.21,28875,13.84,20.76,29635,14.20,21.30
RA,3,25693,12.31,18.47,26549,12.72,19.08,27405,13.13,19.70,28262,13.54,20.31,29118,13.95,20.93,29975,14.36,21.54,30831,14.77,22.16,31688,15.18,22.77,32544,15.59,23.39,33400,16.00,24.00
RA,4,28843,13.82,20.73,29804,14.28,21.42,30765,14.74,22.11,31726,15.20,22.80,32687,15.66,23.49,33649,16.12,24.18,34610,16.58,24.87,35571,17.04,25.56,36532,17.50,26.25,37493,17.97,26.96
RA,5,32270,15.46,23.19,33345,15.98,23.97,34420,16.49,24.74,35496,17.01,25.52,36571,17.52,26.28,37646,18.04,27.06,38721,18.55,27.83,39796,19.07,28.61,40872,19.58,29.37,41947,20.10,30.15
RA,6,35971,17.24,25.86,37170,17.81,26.72,38368,18.38,27.57,39567,18.96,28.44,40766,19.53,29.30,41965,20.11,30.17,43163,20.68,31.02,44362,21.26,31.89,45561,21.83,32.75,46760,22.41,33.62
RA,7,39973,19.15,28.73,41306,19.79,29.69,42639,20.43,30.65,43971,21.07,31.61,45304,21.71,32.57,46637,22.35,33.53,47970,22.99,34.49,49303,23.62,35.43,50636,24.26,36.39,51969,24.90,37.35
RA,8,44269,21.21,31.82,45744,21.92,32.88,47220,22.63,33.95,48695,23.33,35.00,50170,24.04,36.06,51645,24.75,37.13,53120,25.45,38.18,54596,26.16,38.70,56071,26.87,38.70,57546,27.57,38.70
RA,9,48895,23.43,35.15,50524,24.21,36.32,52153,24.99,37.49,53783,25.77,38.66,55412,26.55,38.70,57041,27.33,38.70,58671,28.11,38.70,60300,28.89,38.70,61929,29.67,38.70,63559,30.45,38.70
RA,10,53845,25.80,38.70,55640,26.66,38.70,57435,27.52,38.70,59231,28.38,38.70,61026,29.24,38.70,62821,30.10,38.70,64616,30.96,38.70,66411,31.82,38.70,68206,32.68,38.70,70002,33.54,38.70
RA,11,59158,28.35,38.70,61129,29.29,38.70,63101,30.24,38.70,65073,31.18,38.70,67044,32.12,38.70,69016,33.07,38.70,70988,34.01,38.70,72959,34.96,38.70,74931,35.90,38.70,76902,36.85,38.70
RA,12,70906,33.98,38.70,73270,35.11,38.70,75633,36.24,38.70,77996,37.37,38.70,80360,38.51,38.70,82723,39.64,39.64,85087,40.77,40.77,87450,41.90,41.90,89813,43.03,43.03,92177,44.17,44.17
RA,13,84317,40.40,40.40,87128,41.75,41.75,89938,43.09,43.09,92749,44.44,44.44,95559,45.79,45.79,98369,47.13,47.13,101180,48.48,48.48,103990,49.83,49.83,106801,51.17,51.17,109611,52.52,52.52
RA,14,99638,47.74,47.74,102959,49.33,49.33,106280,50.92,50.92,109600,52.52,52.52,112921,54.11,54.11,116242,55.70,55.70,119563,57.29,57.29,122884,58.88,58.88,126205,60.47,60.47,129526,62.06,62.06
RA,15,117202,56.16,56.16,121109,58.03,58.03,125016,59.90,59.90,128923,61.77,61.77,132830,63.65,63.65,136737,65.52,65.52,140643,67.39,67.39,144550,69.26,69.26,148457,71.13,71.13,152364,73.01,73.01
RCH,1,20735,9.94,14.91,21428,10.27,15.41,22118,10.60,15.90,22804,10.93,16.40,23493,11.26,16.89,23898,11.45,17.18,24580,11.78,17.67,25267,12.11,18.17,25294,12.12,18.18,25937,12.43,18.65
RCH,2,23314,11.17,16.76,23868,11.44,17.16,24639,11.81,17.72,25294,12.12,18.18,25578,12.26,18.39,26330,12.62,18.93,27083,12.98,19.47,27835,13.34,20.01,28588,13.70,20.55,29340,14.06,21.09
RCH,3,25437,12.19,18.29,26285,12.59,18.89,27133,13.00,19.50,27981,13.41,20.12,28829,13.81,20.72,29677,14.22,21.33,30524,14.63,21.95,31372,15.03,22.55,32220,15.44,23.16,33068,15.84,23.76
RCH,4,28556,13.68,20.52,29508,14.14,21.21,30459,14.59,21.89,31411,15.05,22.58,32362,15.51,23.27,33314,15.96,23.94,34265,16.42,24.63,35217,16.87,25.31,36169,17.33,26.00,37120,17.79,26.69
RCH,5,31949,15.31,22.97,33013,15.82,23.73,34078,16.33,24.50,35142,16.84,25.26,36207,17.35,26.03,37272,17.86,26.79,38336,18.37,27.56,39401,18.88,28.32,40465,19.39,29.09,41530,19.90,29.85
RCH,6,35613,17.06,25.59,36800,17.63,26.45,37987,18.20,27.30,39174,18.77,28.16,40360,19.34,29.01,41547,19.91,29.87,42734,20.48,30.72,43921,21.05,31.58,45108,21.61,32.42,46294,22.18,33.27
RCH,7,39575,18.96,28.44,40895,19.60,29.40,42215,20.23,30.35,43534,20.86,31.29,44854,21.49,32.24,46173,22.12,33.18,47493,22.76,34.14,48813,23.39,35.09,50132,24.02,36.03,51452,24.65,36.98
RCH,8,43829,21.00,31.50,45289,21.70,32.55,46750,22.40,33.60,48210,23.10,34.65,49671,23.80,35.70,51131,24.50,36.75,52592,25.20,37.80,54053,25.90,38.31,55513,26.60,38.31,56974,27.30,38.31
RCH,9,48408,23.20,34.80,50022,23.97,35.96,51635,24.74,37.11,53248,25.51,38.27,54861,26.29,38.31,56474,27.06,38.31,58087,27.83,38.31,59700,28.61,38.31,61313,29.38,38.31,62926,30.15,38.31
RCH,10,53309,25.54,38.31,55087,26.40,38.31,56864,27.25,38.31,58641,28.10,38.31,60419,28.95,38.31,62196,29.80,38.31,63973,30.65,38.31,65751,31.51,38.31,67528,32.36,38.31,69305,33.21,38.31
RCH,11,58569,28.06,38.31,60521,29.00,38.31,62473,29.93,38.31,64425,30.87,38.31,66377,31.80,38.31,68329,32.74,38.31,70281,33.68,38.31,72234,34.61,38.31,74186,35.55,38.31,76138,36.48,38.31
RCH,12,70201,33.64,38.31,72541,34.76,38.31,74881,35.88,38.31,77221,37.00,38.31,79561,38.12,38.31,81901,39.24,39.24,84240,40.36,40.36,86580,41.49,41.49,88920,42.61,42.61,91260,43.73,43.73
RCH,13,83479,40.00,40.00,86261,41.33,41.33,89044,42.67,42.67,91826,44.00,44.00,94609,45.33,45.33,97391,46.67,46.67,100174,48.00,48.00,102956,49.33,49.33,105738,50.67,50.67,108521,52.00,52.00
RCH,14,98647,47.27,47.27,101935,48.84,48.84,105222,50.42,50.42,108510,51.99,51.99,111798,53.57,53.57,115086,55.14,55.14,118374,56.72,56.72,121662,58.30,58.30,124950,59.87,59.87,128238,61.45,61.45
RCH,15,116037,55.60,55.60,119905,57.45,57.45,123773,59.31,59.31,127641,61.16,61.16,131509,63.01,63.01,135377,64.87,64.87,139245,66.72,66.72,143113,68.57,68.57,146980,70.43,70.43,150848,72.28,72.28
RUS,1,20324,9.74,14.61,21003,10.06,15.09,21679,10.39,15.59,22351,10.71,16.07,23027,11.03,16.55,23424,11.22,16.83,24092,11.54,17.31,24766,11.87,17.81,24792,11.88,17.82,25422,12.18,18.27
RUS,2,22851,10.95,16.43,23395,11.21,16.82,24151,11.57,17.36,24792,11.88,17.82,25071,12.01,18.02,25808,12.37,18.56,26546,12.72,19.08,27283,13.07,19.61,28021,13.43,20.15,28758,13.78,20.67
RUS,3,24933,11.95,17.93,25764,12.34,18.51,26595,12.74,19.11,27426,13.14,19.71,28257,13.54,20.31,29088,13.94,20.91,29919,14.34,21.51,30750,14.73,22.10,31581,15.13,22.70,32412,15.53,23.30
RUS,4,27990,13.41,20.12,28922,13.86,20.79,29855,14.31,21.47,30788,14.75,22.13,31720,15.20,22.80,32653,15.65,23.48,33586,16.09,24.14,34519,16.54,24.81,35451,16.99,25.49,36384,17.43,26.15
RUS,5,31315,15.00,22.50,32359,15.51,23.27,33402,16.00,24.00,34445,16.50,24.75,35489,17.00,25.50,36532,17.50,26.25,37576,18.00,27.00,38619,18.50,27.75,39663,19.00,28.50,40706,19.50,29.25
RUS,6,34907,16.73,25.10,36070,17.28,25.92,37233,17.84,26.76,38397,18.40,27.60,39560,18.96,28.44,40723,19.51,29.27,41886,20.07,30.11,43050,20.63,30.95,44213,21.18,31.77,45376,21.74,32.61
RUS,7,38790,18.59,27.89,40084,19.21,28.82,41377,19.83,29.75,42671,20.45,30.68,43964,21.07,31.61,45258,21.69,32.54,46551,22.31,33.47,47844,22.92,34.38,49138,23.54,35.31,50431,24.16,36.24
RUS,8,42960,20.58,30.87,44391,21.27,31.91,45823,21.96,32.94,47254,22.64,33.96,48686,23.33,35.00,50117,24.01,36.02,51549,24.70,37.05,52981,25.39,37.56,54412,26.07,37.56,55844,26.76,37.56
RUS,9,47448,22.74,34.11,49029,23.49,35.24,50611,24.25,36.38,52192,25.01,37.52,53773,25.77,37.56,55354,26.52,37.56,56935,27.28,37.56,58516,28.04,37.56,60097,28.80,37.56,61678,29.55,37.56
RUS,10,52252,25.04,37.56,53994,25.87,37.56,55736,26.71,37.56,57478,27.54,37.56,59221,28.38,37.56,60963,29.21,37.56,62705,30.05,37.56,64447,30.88,37.56,66189,31.71,37.56,67931,32.55,37.56
RUS,11,57408,27.51,37.56,59321,28.42,37.56,61234,29.34,37.56,63148,30.26,37.56,65061,31.17,37.56,66974,32.09,37.56,68888,33.01,37.56,70801,33.92,37.56,72714,34.84,37.56,74628,35.76,37.56
RUS,12,68809,32.97,37.56,71102,34.07,37.56,73396,35.17,37.56,75689,36.27,37.56,77983,37.37,37.56,80276,38.46,38.46,82570,39.56,39.56,84863,40.66,40.66,87157,41.76,41.76,89450,42.86,42.86
RUS,13,81823,39.21,39.21,84550,40.51,40.51,87278,41.82,41.82,90005,43.13,43.13,92732,44.43,44.43,95459,45.74,45.74,98187,47.05,47.05,100914,48.35,48.35,103641,49.66,49.66,106369,50.97,50.97
RUS,14,96690,46.33,46.33,99913,47.87,47.87,103136,49.42,49.42,106358,50.96,50.96,109581,52.51,52.51,112804,54.05,54.05,116027,55.60,55.60,119249,57.14,57.14,122472,58.68,58.68,125695,60.23,60.23
RUS,15,113735,54.50,54.50,117527,56.31,56.31,121318,58.13,58.13,125109,59.95,59.95,128900,61.76,61.76,132692,63.58,63.58,136483,65.40,65.40,140274,67.21,67.21,144065,69.03,69.03,147857,70.85,70.85
SAC,1,21755,10.42,15.63,22482,10.77,16.16,23206,11.12,16.68,23926,11.46,17.19,24649,11.81,17.72,25074,12.01,18.02,25789,12.36,18.54,26510,12.70,19.05,26538,12.72,19.08,27213,13.04,19.56
SAC,2,24461,11.72,17.58,25042,12.00,18.00,25851,12.39,18.59,26538,12.72,19.08,26836,12.86,19.29,27626,13.24,19.86,28415,13.62,20.43,29205,13.99,20.99,29994,14.37,21.56,30783,14.75,22.13
SAC,3,26688,12.79,19.19,27578,13.21,19.82,28468,13.64,20.46,29357,14.07,21.11,30247,14.49,21.74,31137,14.92,22.38,32026,15.35,23.03,32916,15.77,23.66,33805,16.20,24.30,34695,16.62,24.93
SAC,4,29961,14.36,21.54,30959,14.83,22.25,31958,15.31,22.97,32956,15.79,23.69,33954,16.27,24.41,34953,16.75,25.13,35951,17.23,25.85,36950,17.70,26.55,37948,18.18,27.27,38946,18.66,27.99
SAC,5,33521,16.06,24.09,34638,16.60,24.90,35754,17.13,25.70,36871,17.67,26.51,37988,18.20,27.30,39105,18.74,28.11,40222,19.27,28.91,41339,19.81,29.72,42456,20.34,30.51,43573,20.88,31.32
SAC,6,37365,17.90,26.85,38610,18.50,27.75,39856,19.10,28.65,41101,19.69,29.54,42346,20.29,30.44,43591,20.89,31.34,44836,21.48,32.22,46082,22.08,33.12,47327,22.68,34.02,48572,23.27,34.91
SAC,7,41522,19.90,29.85,42907,20.56,30.84,44291,21.22,31.83,45676,21.89,32.84,47060,22.55,33.83,48445,23.21,34.82,49829,23.88,35.82,51214,24.54,36.81,52599,25.20,37.80,53983,25.87,38.81
SAC,8,45985,22.03,33.05,47517,22.77,34.16,49050,23.50,35.25,50582,24.24,36.36,52115,24.97,37.46,53647,25.71,38.57,55179,26.44,39.66,56712,27.17,40.20,58244,27.91,40.20,59777,28.64,40.20
SAC,9,50790,24.34,36.51,52482,25.15,37.73,54175,25.96,38.94,55867,26.77,40.16,57560,27.58,40.20,59252,28.39,40.20,60945,29.20,40.20,62637,30.01,40.20,64330,30.82,40.20,66022,31.63,40.20
SAC,10,55932,26.80,40.20,57797,27.69,40.20,59662,28.59,40.20,61526,29.48,40.20,63391,30.37,40.20,65256,31.27,40.20,67121,32.16,40.20,68986,33.06,40.20,70850,33.95,40.20,72715,34.84,40.20
SAC,11,61451,29.44,40.20,63499,30.43,40.20,65547,31.41,40.20,67595,32.39,40.20,69643,33.37,40.20,71691,34.35,40.20,73739,35.33,40.20,75787,36.31,40.20,77835,37.30,40.20,79883,38.28,40.20
SAC,12,73655,35.29,40.20,76110,36.47,40.20,78565,37.64,40.20,81020,38.82,40.20,83475,40.00,40.20,85930,41.17,41.17,88385,42.35,42.35,90840,43.53,43.53,93295,44.70,44.70,95750,45.88,45.88
SAC,13,87586,41.97,41.97,90505,43.37,43.37,93424,44.76,44.76,96344,46.16,46.16,99263,47.56,47.56,102182,48.96,48.96,105102,50.36,50.36,108021,51.76,51.76,110940,53.16,53.16,113860,54.56,54.56
SAC,14,103500,49.59,49.59,106949,51.25,51.25,110399,52.90,52.90,113849,54.55,54.55,117299,56.20,56.20,120748,57.86,57.86,124198,59.51,59.51,127648,61.16,61.16,131097,62.82,62.82,134547,64.47,64.47
SAC,15,121745,58.33,58.33,125804,60.28,60.28,129862,62.22,62.22,133920,64.17,64.17,137978,66.11,66.11,142037,68.06,68.06,146095,70.00,70.00,150153,71.95,71.95,154212,73.89,73.89,155500,74.51,74.51
SD,1,22110,10.59,15.89,22848,10.95,16.43,23584,11.30,16.95,24315,11.65,17.48,25050,12.00,18.00,25483,12.21,18.32,26209,12.56,18.84,26942,12.91,19.37,26970,12.92,19.38,27656,13.25,19.88
SD,2,24859,11.91,17.87,25450,12.19,18.29,26272,12.59,18.89,26970,12.92,19.38,27273,13.07,19.61,28076,13.45,20.18,28878,13.84,20.76,29680,14.22,21.33,30482,14.61,21.92,31285,14.99,22.49
SD,3,27123,13.00,19.50,28027,13.43,20.15,28931,13.86,20.79,29835,14.30,21.45,30740,14.73,22.10,31644,15.16,22.74,32548,15.60,23.40,33452,16.03,24.05,34356,16.46,24.69,35260,16.90,25.35
SD,4,30449,14.59,21.89,31464,15.08,22.62,32478,15.56,23.34,33493,16.05,24.08,34507,16.53,24.80,35522,17.02,25.53,36537,17.51,26.27,37551,17.99,26.99,38566,18.48,27.72,39581,18.97,28.46
SD,5,34067,16.32,24.48,35202,16.87,25.31,36337,17.41,26.12,37472,17.95,26.93,38607,18.50,27.75,39742,19.04,28.56,40877,19.59,29.39,42012,20.13,30.20,43147,20.67,31.01,44282,21.22,31.83
SD,6,37974,18.20,27.30,39239,18.80,28.20,40505,19.41,29.12,41770,20.01,30.02,43036,20.62,30.93,44301,21.23,31.85,45567,21.83,32.75,46832,22.44,33.66,48098,23.05,34.58,49363,23.65,35.48
SD,7,42199,20.22,30.33,43606,20.89,31.34,45013,21.57,32.36,46420,22.24,33.36,47827,22.92,34.38,49234,23.59,35.39,50641,24.26,36.39,52048,24.94,37.41,53455,25.61,38.42,54862,26.29,39.44
SD,8,46734,22.39,33.59,48291,23.14,34.71,49849,23.89,35.84,51406,24.63,36.95,52963,25.38,38.07,54521,26.12,39.18,56078,26.87,40.31,57635,27.62,40.86,59193,28.36,40.86,60750,29.11,40.86
SD,9,51617,24.73,37.10,53337,25.56,38.34,55057,26.38,39.57,56777,27.21,40.82,58497,28.03,40.86,60217,28.85,40.86,61937,29.68,40.86,63657,30.50,40.86,65377,31.33,40.86,67097,32.15,40.86
SD,10,56843,27.24,40.86,58738,28.14,40.86,60633,29.05,40.86,62528,29.96,40.86,64424,30.87,40.86,66319,31.78,40.86,68214,32.69,40.86,70109,33.59,40.86,72004,34.50,40.86,73899,35.41,40.86
SD,11,62451,29.92,40.86,64533,30.92,40.86,66614,31.92,40.86,68696,32.92,40.86,70777,33.91,40.86,72859,34.91,40.86,74940,35.91,40.86,77021,36.91,40.86,79103,37.90,40.86,81184,38.90,40.86
SD,12,74854,35.87,40.86,77349,37.06,40.86,79844,38.26,40.86,82339,39.45,40.86,84834,40.65,40.86,87329,41.84,41.84,89824,43.04,43.04,92319,44.24,44.24,94814,45.43,45.43,97309,46.63,46.63
SD,13,89012,42.65,42.65,91979,44.07,44.07,94946,45.49,45.49,97913,46.92,46.92,100880,48.34,48.34,103846,49.76,49.76,106813,51.18,51.18,109780,52.60,52.60,112747,54.02,54.02,115714,55.45,55.45
SD,14,105185,50.40,50.40,108691,52.08,52.08,112197,53.76,53.76,115703,55.44,55.44,119209,57.12,57.12,122715,58.80,58.80,126221,60.48,60.48,129726,62.16,62.16,133232,63.84,63.84,136738,65.52,65.52
SD,15,123728,59.29,59.29,127852,61.26,61.26,131977,63.24,63.24,136101,65.21,65.21,140225,67.19,67.19,144350,69.17,69.17,148474,71.14,71.14,152598,73.12,73.12,155500,74.51,74.51,155500,74.51,74.51
SEA,1,21686,10.39,15.59,22411,10.74,16.11,23132,11.08,16.62,23849,11.43,17.15,24570,11.77,17.66,24994,11.98,17.97,25707,12.32,18.48,26425,12.66,18.99,26453,12.68,19.02,27126,13.00,19.50
SEA,2,24383,11.68,17.52,24963,11.96,17.94,25769,12.35,18.53,26453,12.68,19.02,26751,12.82,19.23,27538,13.20,19.80,28324,13.57,20.36,29111,13.95,20.93,29898,14.33,21.50,30685,14.70,22.05
SEA,3,26603,12.75,19.13,27490,13.17,19.76,28377,13.60,20.40,29264,14.02,21.03,30150,14.45,21.68,31037,14.87,22.31,31924,15.30,22.95,32811,15.72,23.58,33698,16.15,24.23,34584,16.57,24.86
SEA,4,29865,14.31,21.47,30861,14.79,22.19,31856,15.26,22.89,32851,15.74,23.61,33846,16.22,24.33,34841,16.69,25.04,35837,17.17,25.76,36832,17.65,26.48,37827,18.13,27.20,38822,18.60,27.90
SEA,5,33414,16.01,24.02,34527,16.54,24.81,35640,17.08,25.62,36754,17.61,26.42,37867,18.14,27.21,38980,18.68,28.02,40094,19.21,28.82,41207,19.74,29.61,42320,20.28,30.42,43434,20.81,31.22
SEA,6,37246,17.85,26.78,38487,18.44,27.66,39728,19.04,28.56,40970,19.63,29.45,42211,20.23,30.35,43452,20.82,31.23,44693,21.41,32.12,45935,22.01,33.02,47176,22.60,33.90,48417,23.20,34.80
SEA,7,41390,19.83,29.75,42770,20.49,30.74,44150,21.15,31.73,45530,21.82,32.73,46910,22.48,33.72,48290,23.14,34.71,49670,23.80,35.70,51051,24.46,36.69,52431,25.12,37.68,53811,25.78,38.67
SEA,8,45838,21.96,32.94,47366,22.70,34.05,48893,23.43,35.15,50421,24.16,36.24,51948,24.89,37.34,53476,25.62,38.43,55003,26.36,39.54,56531,27.09,40.07,58058,27.82,40.07,59586,28.55,40.07
SEA,9,50628,24.26,36.39,52315,25.07,37.61,54002,25.88,38.82,55689,26.68,40.02,57376,27.49,40.07,59063,28.30,40.07,60750,29.11,40.07,62437,29.92,40.07,64124,30.73,40.07,65812,31.53,40.07
SEA,10,55754,26.71,40.07,57612,27.61,40.07,59471,28.50,40.07,61330,29.39,40.07,63189,30.28,40.07,65048,31.17,40.07,66907,32.06,40.07,68765,32.95,40.07,70624,33.84,40.07,72483,34.73,40.07
SEA,11,61255,29.35,40.07,63296,30.33,40.07,65338,31.31,40.07,67379,32.29,40.07,69421,33.26,40.07,71462,34.24,40.07,73504,35.22,40.07,75545,36.20,40.07,77587,37.18,40.07,79628,38.15,40.07
SEA,12,73420,35.18,40.07,75867,36.35,40.07,78314,37.52,40.07,80761,38.70,40.07,83208,39.87,40.07,85656,41.04,41.04,88103,42.22,42.22,90550,43.39,43.39,92997,44.56,44.56,95444,45.73,45.73
SEA,13,87306,41.83,41.83,90216,43.23,43.23,93126,44.62,44.62,96036,46.02,46.02,98946,47.41,47.41,101856,48.80,48.80,104766,50.20,50.20,107676,51.59,51.59,110586,52.99,52.99,113496,54.38,54.38
SEA,14,103169,49.43,49.43,106608,51.08,51.08,110047,52.73,52.73,113486,54.38,54.38,116924,56.02,56.02,120363,57.67,57.67,123802,59.32,59.32,127240,60.97,60.97,130679,62.62,62.62,134118,64.26,64.26
SEA,15,121357,58.15,58.15,125402,60.09,60.09,129447,62.03,62.03,133493,63.96,63.96,137538,65.90,65.90,141583,67.84,67.84,145629,69.78,69.78,149674,71.72,71.72,153719,73.66,73.66,155500,74.51,74.51
SF,1,24061,11.53,17.30,24865,11.91,17.87,25665,12.30,18.45,26461,12.68,19.02,27261,13.06,19.59,27731,13.29,19.94,28522,13.67,20.51,29319,14.05,21.08,29351,14.06,21.09,30097,14.42,21.63
SF,2,27053,12.96,19.44,27696,13.27,19.91,28591,13.70,20.55,29351,14.06,21.09,29680,14.22,21.33,30553,14.64,21.96,31426,15.06,22.59,32299,15.48,23.22,33173,15.90,23.85,34046,16.31,24.47
SF,3,29517,14.14,21.21,30501,14.61,21.92,31485,15.09,22.64,32468,15.56,23.34,33452,16.03,24.05,34436,16.50,24.75,35420,16.97,25.46,36404,17.44,26.16,37388,17.91,26.87,38372,18.39,27.59
SF,4,33136,15.88,23.82,34240,16.41,24.62,35344,16.94,25.41,36449,17.46,26.19,37553,17.99,26.99,38657,18.52,27.78,39761,19.05,28.58,40865,19.58,29.37,41969,20.11,30.17,43074,20.64,30.96
SF,5,37073,17.76,26.64,38308,18.36,27.54,39544,18.95,28.43,40779,19.54,29.31,42014,20.13,30.20,43249,20.72,31.08,44485,21.32,31.98,45720,21.91,32.87,46955,22.50,33.75,48190,23.09,34.64
SF,6,41325,19.80,29.70,42702,20.46,30.69,44079,21.12,31.68,45456,21.78,32.67,46834,22.44,33.66,48211,23.10,34.65,49588,23.76,35.64,50965,24.42,36.63,52342,25.08,37.62,53719,25.74,38.61
SF,7,45923,22.00,33.00,47454,22.74,34.11,48985,23.47,35.21,50516,24.21,36.32,52048,24.94,37.41,53579,25.67,38.51,55110,26.41,39.62,56641,27.14,40.71,58173,27.87,41.81,59704,28.61,42.92
SF,8,50858,24.37,36.56,52553,25.18,37.77,54248,25.99,38.99,55943,26.81,40.22,57637,27.62,41.43,59332,28.43,42.65,61027,29.24,43.86,62722,30.05,44.46,64417,30.87,44.46,66111,31.68,44.46
SF,9,56172,26.92,40.38,58044,27.81,41.72,59916,28.71,43.07,61788,29.61,44.42,63660,30.50,44.46,65532,31.40,44.46,67403,32.30,44.46,69275,33.19,44.46,71147,34.09,44.46,73019,34.99,44.46
SF,10,61860,29.64,44.46,63922,30.63,44.46,65984,31.62,44.46,68047,32.61,44.46,70109,33.59,44.46,72171,34.58,44.46,74234,35.57,44.46,76296,36.56,44.46,78359,37.55,44.46,80421,38.53,44.46
SF,11,67963,32.56,44.46,70228,33.65,44.46,72493,34.74,44.46,74758,35.82,44.46,77023,36.91,44.46,79288,37.99,44.46,81554,39.08,44.46,83819,40.16,44.46,86084,41.25,44.46,88349,42.33,44.46
SF,12,81460,39.03,44.46,84175,40.33,44.46,86891,41.63,44.46,89606,42.94,44.46,92321,44.24,44.46,95036,45.54,45.54,97751,46.84,46.84,100466,48.14,48.14,103182,49.44,49.44,105897,50.74,50.74
SF,13,96867,46.41,46.41,100096,47.96,47.96,103325,49.51,49.51,106554,51.06,51.06,109782,52.60,52.60,113011,54.15,54.15,116240,55.70,55.70,119469,57.24,57.24,122697,58.79,58.79,125926,60.34,60.34
SF,14,114468,54.85,54.85,118283,56.68,56.68,122099,58.50,58.50,125914,60.33,60.33,129729,62.16,62.16,133544,63.99,63.99,137360,65.82,65.82,141175,67.64,67.64,144990,69.47,69.47,148806,71.30,71.30
SF,15,134647,64.52,64.52,139136,66.67,66.67,143624,68.82,68.82,148112,70.97,70.97,152601,73.12,73.12,155500,74.51,74.51,155500,74.51,74.51,155500,74.51,74.51,155500,74.51,74.51,155500,74.51,74.51
